{
  "rowLines": [
    0.01,
    0.076,
    0.14200000000000002,
    0.20800000000000002,
    0.274,
    0.33999999999999997,
    0.406,
    0.47200000000000003,
    0.538,
    0.604,
    0.6699999999999999,
    0.736,
    0.802,
    0.868,
    0.934,
    1
  ],
  "colLines": [
    0,
    0.066,
    0.132,
    0.198,
    0.264,
    0.32999999999999996,
    0.396,
    0.462,
    0.528,
    0.594,
    0.6599999999999999,
    0.726,
    0.792,
    0.858,
    0.924,
    0.99
  ],
  "cellNumbers": {
    "0-0": 1,
    "0-3": 2,
    "0-5": 3,
    "0-7": 4,
    "0-9": 5,
    "0-12": 6,
    "0-14": 7,
    "2-0": 8,
    "2-1": 9,
    "2-2": 10,
    "2-7": 11,
    "2-10": 12,
    "2-13": 13,
    "3-1": 14,
    "3-9": 15,
    "3-12": 16,
    "4-0": 17,
    "4-4": 18,
    "4-7": 19,
    "5-2": 20,
    "5-11": 21,
    "6-5": 22,
    "6-9": 23,
    "6-10": 24,
    "7-0": 25,
    "7-1": 26,
    "7-3": 27,
    "7-9": 28,
    "7-12": 29,
    "7-13": 30,
    "8-0": 31,
    "8-5": 32,
    "8-9": 33,
    "8-13": 34,
    "8-14": 35,
    "9-2": 36,
    "9-4": 37,
    "9-12": 38,
    "10-0": 39,
    "10-1": 40,
    "10-9": 41,
    "10-10": 42,
    "10-12": 43,
    "10-13": 44,
    "11-0": 45,
    "11-12": 46,
    "12-0": 47,
    "12-2": 48,
    "12-5": 49,
    "12-6": 50,
    "12-11": 51,
    "13-5": 52,
    "13-10": 53,
    "14-0": 54,
    "14-7": 55
  }
}