{
  "rowLines": [
    0.01,
    0.09999999999999999,
    0.19,
    0.27999999999999997,
    0.37,
    0.45999999999999996,
    0.5499999999999999,
    0.64,
    0.73,
    0.8200000000000001,
    0.9099999999999999,
    1
  ],
  "colLines": [
    0,
    0.09,
    0.18,
    0.26999999999999996,
    0.36,
    0.44999999999999996,
    0.5399999999999999,
    0.63,
    0.72,
    0.81,
    0.8999999999999999,
    0.99
  ],
  "cellNumbers": {
    "0-0": 1,
    "0-3": 2,
    "0-5": 3,
    "0-6": 4,
    "0-8": 5,
    "1-8": 6,
    "1-9": 7,
    "1-10": 8,
    "2-0": 9,
    "2-2": 10,
    "2-5": 11,
    "2-7": 12,
    "2-9": 13,
    "3-7": 14,
    "4-0": 15,
    "4-1": 16,
    "4-3": 17,
    "4-9": 18,
    "5-1": 19,
    "5-5": 20,
    "5-7": 21,
    "5-8": 22,
    "6-0": 23,
    "6-6": 24,
    "6-8": 25,
    "7-2": 26,
    "8-0": 27,
    "8-5": 28,
    "8-9": 29,
    "9-2": 30,
    "9-8": 31,
    "10-0": 32
  }
}