{
  "rowLines": [
    0.01,
    0.076,
    0.14200000000000002,
    0.20800000000000002,
    0.274,
    0.33999999999999997,
    0.406,
    0.47200000000000003,
    0.538,
    0.604,
    0.6699999999999999,
    0.736,
    0.802,
    0.868,
    0.934,
    1
  ],
  "colLines": [
    0,
    0.066,
    0.132,
    0.198,
    0.264,
    0.32999999999999996,
    0.396,
    0.462,
    0.528,
    0.594,
    0.6599999999999999,
    0.726,
    0.792,
    0.858,
    0.924,
    0.99
  ],
  "cellNumbers": {
    "0-0": 1,
    "0-1": 2,
    "0-3": 3,
    "0-5": 4,
    "0-7": 5,
    "0-9": 6,
    "0-11": 7,
    "0-14": 8,
    "2-7": 9,
    "2-11": 10,
    "3-1": 11,
    "3-9": 12,
    "4-0": 13,
    "4-4": 14,
    "4-5": 15,
    "4-8": 16,
    "4-11": 17,
    "4-14": 18,
    "5-3": 19,
    "6-0": 20,
    "6-3": 21,
    "6-7": 22,
    "6-11": 23,
    "7-13": 24,
    "8-0": 25,
    "8-6": 26,
    "8-10": 27,
    "9-5": 28,
    "9-9": 29,
    "10-0": 30,
    "10-4": 31,
    "10-7": 32,
    "10-14": 33,
    "11-3": 34,
    "11-11": 35,
    "12-0": 36,
    "12-2": 37,
    "12-7": 38,
    "12-8": 39,
    "14-2": 40,
    "14-7": 41,
    "14-12": 42
  }
}