{
  "rowLines": [
    0.01,
    0.076,
    0.14200000000000002,
    0.20800000000000002,
    0.274,
    0.33999999999999997,
    0.406,
    0.47200000000000003,
    0.538,
    0.604,
    0.6699999999999999,
    0.736,
    0.802,
    0.868,
    0.934,
    1
  ],
  "colLines": [
    0,
    0.066,
    0.132,
    0.198,
    0.264,
    0.32999999999999996,
    0.396,
    0.462,
    0.528,
    0.594,
    0.6599999999999999,
    0.726,
    0.792,
    0.858,
    0.924,
    0.99
  ],
  "cellNumbers": {
    "0-0": 1,
    "0-2": 2,
    "0-4": 3,
    "0-6": 4,
    "0-8": 5,
    "0-10": 6,
    "0-12": 7,
    "0-14": 8,
    "2-0": 9,
    "2-6": 10,
    "2-12": 11,
    "4-0": 12,
    "4-4": 13,
    "4-8": 14,
    "4-10": 15,
    "4-14": 16,
    "6-0": 17,
    "6-2": 18,
    "6-7": 19,
    "6-10": 20,
    "6-12": 21,
    "7-6": 22,
    "8-0": 23,
    "8-4": 24,
    "8-9": 25,
    "8-14": 26,
    "9-8": 27,
    "10-0": 28,
    "10-2": 29,
    "10-4": 30,
    "10-6": 31,
    "10-12": 32,
    "12-0": 33,
    "12-4": 34,
    "12-6": 35,
    "12-10": 36,
    "12-14": 37,
    "14-0": 38,
    "14-4": 39,
    "14-8": 40
  }
}