{
  "rowLines": [
    0.01,
    0.08538461538461538,
    0.16076923076923078,
    0.23615384615384616,
    0.31153846153846154,
    0.3869230769230769,
    0.4623076923076923,
    0.5376923076923077,
    0.6130769230769231,
    0.6884615384615385,
    0.7638461538461538,
    0.8392307692307692,
    0.9146153846153846,
    0.99
  ],
  "colLines": [
    0,
    0.07615384615384616,
    0.1523076923076923,
    0.22846153846153847,
    0.3046153846153846,
    0.3807692307692308,
    0.45692307692307693,
    0.533076923076923,
    0.6092307692307692,
    0.6853846153846154,
    0.7615384615384616,
    0.8376923076923076,
    0.9138461538461539,
    0.99
  ],
  "cellNumbers": {
    "0-0": 1,
    "0-2": 2,
    "0-5": 3,
    "0-6": 4,
    "0-10": 5,
    "1-4": 6,
    "1-8": 7,
    "2-2": 8,
    "2-6": 9,
    "2-10": 10,
    "2-12": 11,
    "4-1": 12,
    "4-7": 13,
    "4-11": 14,
    "5-0": 15,
    "5-4": 16,
    "5-6": 17,
    "5-9": 18,
    "6-0": 19,
    "6-2": 20,
    "6-4": 21,
    "6-11": 22,
    "6-12": 23,
    "8-2": 24,
    "8-5": 25,
    "8-6": 26,
    "8-8": 27,
    "8-10": 28,
    "9-4": 29,
    "9-12": 30,
    "10-0": 31,
    "10-4": 32,
    "11-10": 33,
    "12-0": 34,
    "12-5": 35,
    "12-9": 36
  }
}