{
  "rowLines": [
    0.01,
    0.09909090909090909,
    0.1881818181818182,
    0.2772727272727273,
    0.3663636363636364,
    0.45545454545454545,
    0.5445454545454546,
    0.6336363636363637,
    0.7227272727272728,
    0.8118181818181819,
    0.9009090909090909,
    0.99
  ],
  "colLines": [
    0,
    0.09,
    0.18,
    0.26999999999999996,
    0.36,
    0.44999999999999996,
    0.5399999999999999,
    0.63,
    0.72,
    0.81,
    0.8999999999999999,
    0.99
  ],
  "cellNumbers": {
    "0-1": 1,
    "0-3": 2,
    "0-5": 3,
    "0-6": 4,
    "0-8": 5,
    "0-10": 6,
    "1-0": 7,
    "1-3": 8,
    "2-2": 9,
    "2-8": 10,
    "3-4": 11,
    "3-5": 12,
    "3-7": 13,
    "4-3": 14,
    "4-7": 15,
    "4-8": 16,
    "5-0": 17,
    "5-2": 18,
    "5-6": 19,
    "6-2": 20,
    "6-5": 21,
    "7-3": 22,
    "7-4": 23,
    "7-8": 24,
    "8-0": 25,
    "8-2": 26,
    "8-7": 27,
    "9-4": 28,
    "9-5": 29,
    "9-9": 30,
    "10-0": 31,
    "10-7": 32
  }
}