{
  "rowLines": [
    0.01,
    0.07533333333333332,
    0.14066666666666666,
    0.20600000000000002,
    0.2713333333333333,
    0.33666666666666667,
    0.402,
    0.4673333333333333,
    0.5326666666666666,
    0.598,
    0.6633333333333333,
    0.7286666666666666,
    0.794,
    0.8593333333333334,
    0.9246666666666666,
    0.99
  ],
  "colLines": [
    0.01,
    0.07533333333333332,
    0.14066666666666666,
    0.20600000000000002,
    0.2713333333333333,
    0.33666666666666667,
    0.402,
    0.4673333333333333,
    0.5326666666666666,
    0.598,
    0.6633333333333333,
    0.7286666666666666,
    0.794,
    0.8593333333333334,
    0.9246666666666666,
    0.99
  ],
  "cellNumbers": {
    "0-0": 1,
    "0-2": 2,
    "0-5": 3,
    "0-6": 4,
    "0-9": 5,
    "0-10": 6,
    "0-12": 7,
    "1-4": 8,
    "1-8": 9,
    "1-14": 10,
    "2-3": 11,
    "2-6": 12,
    "2-12": 13,
    "3-2": 14,
    "4-0": 15,
    "4-6": 16,
    "4-8": 17,
    "4-12": 18,
    "5-14": 19,
    "6-0": 20,
    "6-2": 21,
    "6-4": 22,
    "6-7": 23,
    "6-10": 24,
    "6-12": 25,
    "7-6": 26,
    "8-0": 27,
    "8-6": 28,
    "8-9": 29,
    "9-8": 30,
    "10-1": 31,
    "10-2": 32,
    "10-4": 33,
    "10-10": 34,
    "10-12": 35,
    "11-0": 36,
    "12-0": 37,
    "12-4": 38,
    "12-6": 39,
    "12-10": 40,
    "13-12": 41,
    "13-14": 42,
    "14-1": 43,
    "14-7": 44,
    "14-11": 45
  }
}