{
  "rowLines": [
    0.01,
    0.07533333333333332,
    0.14066666666666666,
    0.20600000000000002,
    0.2713333333333333,
    0.33666666666666667,
    0.402,
    0.4673333333333333,
    0.5326666666666666,
    0.598,
    0.6633333333333333,
    0.7286666666666666,
    0.794,
    0.8593333333333334,
    0.9246666666666666,
    0.99
  ],
  "colLines": [
    0.01,
    0.07533333333333332,
    0.14066666666666666,
    0.20600000000000002,
    0.2713333333333333,
    0.33666666666666667,
    0.402,
    0.4673333333333333,
    0.5326666666666666,
    0.598,
    0.6633333333333333,
    0.7286666666666666,
    0.794,
    0.8593333333333334,
    0.9246666666666666,
    0.99
  ],
  "cellNumbers": {
    "0-0": 1,
    "0-2": 2,
    "0-4": 3,
    "0-6": 4,
    "0-9": 5,
    "0-10": 6,
    "0-12": 7,
    "0-14": 8,
    "1-8": 9,
    "2-0": 10,
    "2-4": 11,
    "2-11": 12,
    "3-10": 13,
    "4-2": 14,
    "4-6": 15,
    "4-13": 16,
    "5-12": 17,
    "6-0": 18,
    "6-6": 19,
    "6-9": 20,
    "7-8": 21,
    "7-14": 22,
    "8-1": 23,
    "8-4": 24,
    "8-7": 25,
    "8-10": 26,
    "9-6": 27,
    "10-0": 28,
    "10-4": 29,
    "10-10": 30,
    "11-2": 31,
    "11-14": 32,
    "12-0": 33,
    "12-5": 34,
    "12-8": 35,
    "12-12": 36,
    "13-4": 37,
    "14-0": 38,
    "14-7": 39
  }
}