{
  "rowLines": [
    0.01,
    0.07533333333333332,
    0.14066666666666666,
    0.20600000000000002,
    0.2713333333333333,
    0.33666666666666667,
    0.402,
    0.4673333333333333,
    0.5326666666666666,
    0.598,
    0.6633333333333333,
    0.7286666666666666,
    0.794,
    0.8593333333333334,
    0.9246666666666666,
    0.99
  ],
  "colLines": [
    0.01,
    0.07533333333333332,
    0.14066666666666666,
    0.20600000000000002,
    0.2713333333333333,
    0.33666666666666667,
    0.402,
    0.4673333333333333,
    0.5326666666666666,
    0.598,
    0.6633333333333333,
    0.7286666666666666,
    0.794,
    0.8593333333333334,
    0.9246666666666666,
    0.99
  ],
  "cellNumbers": {
    "0-0": 1,
    "0-2": 2,
    "0-4": 3,
    "0-6": 4,
    "0-8": 5,
    "0-10": 6,
    "0-12": 7,
    "0-14": 8,
    "1-10": 9,
    "2-0": 10,
    "2-6": 11,
    "2-12": 12,
    "4-0": 13,
    "4-4": 14,
    "4-8": 15,
    "4-10": 16,
    "4-14": 17,
    "6-0": 18,
    "6-2": 19,
    "6-7": 20,
    "6-10": 21,
    "6-12": 22,
    "7-6": 23,
    "8-0": 24,
    "8-4": 25,
    "8-9": 26,
    "8-14": 27,
    "9-8": 28,
    "10-0": 29,
    "10-2": 30,
    "10-4": 31,
    "10-6": 32,
    "10-12": 33,
    "12-0": 34,
    "12-4": 35,
    "12-6": 36,
    "12-10": 37,
    "12-14": 38,
    "13-2": 39,
    "14-0": 40,
    "14-4": 41,
    "14-8": 42,
    "14-12": 43
  }
}