{
  "rowLines": [
    0.01,
    0.09909090909090909,
    0.1881818181818182,
    0.2772727272727273,
    0.3663636363636364,
    0.45545454545454545,
    0.5445454545454546,
    0.6336363636363637,
    0.7227272727272728,
    0.8118181818181819,
    0.9009090909090909,
    0.99
  ],
  "colLines": [
    0.01,
    0.09818181818181818,
    0.18636363636363637,
    0.27454545454545454,
    0.36272727272727273,
    0.45090909090909087,
    0.5390909090909091,
    0.6272727272727272,
    0.7154545454545455,
    0.8036363636363637,
    0.8918181818181817,
    0.98
  ],
  "cellNumbers": {
    "0-0": 1,
    "0-2": 2,
    "0-4": 3,
    "0-5": 4,
    "0-8": 5,
    "0-10": 6,
    "2-0": 7,
    "2-3": 8,
    "2-5": 9,
    "2-9": 10,
    "3-2": 11,
    "3-4": 12,
    "3-8": 13,
    "4-0": 14,
    "4-7": 15,
    "5-3": 16,
    "6-0": 17,
    "6-2": 18,
    "6-7": 19,
    "6-8": 20,
    "6-10": 21,
    "7-5": 22,
    "8-0": 23,
    "8-3": 24,
    "8-4": 25,
    "8-7": 26,
    "8-9": 27,
    "9-2": 28,
    "9-6": 29,
    "9-8": 30,
    "10-0": 31,
    "10-5": 32
  }
}