{
  "rowLines": [
    0.01,
    0.07533333333333332,
    0.14066666666666666,
    0.20600000000000002,
    0.2713333333333333,
    0.33666666666666667,
    0.402,
    0.4673333333333333,
    0.5326666666666666,
    0.598,
    0.6633333333333333,
    0.7286666666666666,
    0.794,
    0.8593333333333334,
    0.9246666666666666,
    0.99
  ],
  "colLines": [
    0.01,
    0.07533333333333332,
    0.14066666666666666,
    0.20600000000000002,
    0.2713333333333333,
    0.33666666666666667,
    0.402,
    0.4673333333333333,
    0.5326666666666666,
    0.598,
    0.6633333333333333,
    0.7286666666666666,
    0.794,
    0.8593333333333334,
    0.9246666666666666,
    0.99
  ],
  "cellNumbers": {
    "0-2": 1,
    "0-3": 2,
    "0-5": 3,
    "0-7": 4,
    "0-11": 5,
    "1-1": 6,
    "2-1": 7,
    "2-5": 8,
    "2-9": 9,
    "2-11": 10,
    "2-13": 11,
    "4-0": 12,
    "4-4": 13,
    "4-7": 14,
    "4-11": 15,
    "5-9": 16,
    "6-3": 17,
    "6-5": 18,
    "6-8": 19,
    "6-12": 20,
    "7-1": 21,
    "7-11": 22,
    "8-0": 23,
    "8-4": 24,
    "8-8": 25,
    "9-3": 26,
    "9-7": 27,
    "9-13": 28,
    "10-0": 29,
    "10-6": 30,
    "10-9": 31,
    "10-12": 32,
    "11-5": 33,
    "11-11": 34,
    "12-0": 35,
    "12-3": 36,
    "12-5": 37,
    "12-11": 38,
    "14-1": 39,
    "14-5": 40,
    "14-9": 41
  }
}