{
  "rowLines": [
    0,
    0.06666666666666667,
    0.13333333333333333,
    0.2,
    0.26666666666666666,
    0.3333333333333333,
    0.4,
    0.4666666666666667,
    0.5333333333333333,
    0.6,
    0.6666666666666666,
    0.7333333333333333,
    0.8,
    0.8666666666666667,
    0.9333333333333333,
    1
  ],
  "colLines": [
    0,
    0.06666666666666667,
    0.13333333333333333,
    0.2,
    0.26666666666666666,
    0.3333333333333333,
    0.4,
    0.4666666666666667,
    0.5333333333333333,
    0.6,
    0.6666666666666666,
    0.7333333333333333,
    0.8,
    0.8666666666666667,
    0.9333333333333333,
    1
  ],
  "cellNumbers": {
    "0-0": 1,
    "0-2": 2,
    "0-4": 3,
    "0-6": 4,
    "0-8": 5,
    "0-10": 6,
    "0-12": 7,
    "0-14": 8,
    "1-10": 9,
    "2-0": 10,
    "2-6": 11,
    "2-12": 12,
    "4-0": 13,
    "4-4": 14,
    "4-8": 15,
    "4-10": 16,
    "4-11": 17,
    "4-14": 18,
    "6-0": 19,
    "6-2": 20,
    "6-7": 21,
    "6-10": 22,
    "6-12": 23,
    "7-6": 24,
    "8-0": 25,
    "8-4": 26,
    "8-9": 27,
    "8-14": 28,
    "9-3": 29,
    "9-8": 30,
    "10-0": 31,
    "10-2": 32,
    "10-4": 33,
    "10-6": 34,
    "10-12": 35,
    "12-0": 36,
    "12-4": 37,
    "12-6": 38,
    "12-10": 39,
    "12-14": 40,
    "13-2": 41,
    "14-0": 42,
    "14-4": 43,
    "14-8": 44,
    "14-12": 45
  }
}