{
  "rowLines": [
    0,
    0.066,
    0.132,
    0.198,
    0.264,
    0.32999999999999996,
    0.396,
    0.462,
    0.528,
    0.594,
    0.6599999999999999,
    0.726,
    0.792,
    0.858,
    0.924,
    0.99
  ],
  "colLines": [
    0.01,
    0.07533333333333332,
    0.14066666666666666,
    0.20600000000000002,
    0.2713333333333333,
    0.33666666666666667,
    0.402,
    0.4673333333333333,
    0.5326666666666666,
    0.598,
    0.6633333333333333,
    0.7286666666666666,
    0.794,
    0.8593333333333334,
    0.9246666666666666,
    0.99
  ],
  "cellNumbers": {
    "0-0": 1,
    "0-6": 2,
    "0-8": 3,
    "0-10": 4,
    "0-12": 5,
    "0-14": 6,
    "1-4": 7,
    "2-2": 8,
    "2-6": 9,
    "2-10": 10,
    "4-4": 11,
    "4-8": 12,
    "4-10": 13,
    "6-0": 14,
    "6-2": 15,
    "6-4": 16,
    "6-8": 17,
    "6-10": 18,
    "7-12": 19,
    "7-14": 20,
    "8-3": 21,
    "8-6": 22,
    "8-8": 23,
    "9-2": 24,
    "10-0": 25,
    "10-4": 26,
    "10-6": 27,
    "10-10": 28,
    "10-14": 29,
    "12-0": 30,
    "12-6": 31,
    "14-6": 32,
    "14-11": 33
  }
}