{
  "rowLines": [
    0,
    0.07615384615384616,
    0.1523076923076923,
    0.22846153846153847,
    0.3046153846153846,
    0.3807692307692308,
    0.45692307692307693,
    0.533076923076923,
    0.6092307692307692,
    0.6853846153846154,
    0.7615384615384616,
    0.8376923076923076,
    0.9138461538461539,
    0.99
  ],
  "colLines": [
    0.01,
    0.0846153846153846,
    0.15923076923076923,
    0.23384615384615387,
    0.30846153846153845,
    0.3830769230769231,
    0.45769230769230773,
    0.5323076923076923,
    0.6069230769230769,
    0.6815384615384615,
    0.7561538461538462,
    0.8307692307692307,
    0.9053846153846155,
    0.98
  ],
  "cellNumbers": {
    "0-0": 1,
    "0-2": 2,
    "0-5": 3,
    "0-6": 4,
    "0-9": 5,
    "0-11": 6,
    "0-12": 7,
    "1-4": 8,
    "1-8": 9,
    "1-11": 10,
    "2-2": 11,
    "2-3": 12,
    "2-10": 13,
    "3-7": 14,
    "3-9": 15,
    "4-0": 16,
    "4-1": 17,
    "4-5": 18,
    "4-11": 19,
    "5-0": 20,
    "6-3": 21,
    "7-1": 22,
    "7-2": 23,
    "7-11": 24,
    "8-1": 25,
    "10-0": 26,
    "10-1": 27,
    "10-4": 28,
    "10-6": 29,
    "10-8": 30,
    "10-10": 31,
    "10-12": 32,
    "11-0": 33,
    "11-3": 34,
    "12-0": 35,
    "12-5": 36,
    "12-9": 37
  }
}