{
  "rowLines": [
    0.01,
    0.09999999999999999,
    0.19,
    0.27999999999999997,
    0.37,
    0.45999999999999996,
    0.5499999999999999,
    0.64,
    0.73,
    0.8200000000000001,
    0.9099999999999999,
    1
  ],
  "colLines": [
    0,
    0.09,
    0.18,
    0.26999999999999996,
    0.36,
    0.44999999999999996,
    0.5399999999999999,
    0.63,
    0.72,
    0.81,
    0.8999999999999999,
    0.99
  ],
  "cellNumbers": {
    "0-0": 1,
    "0-2": 2,
    "0-4": 3,
    "0-6": 4,
    "0-8": 5,
    "0-10": 6,
    "1-2": 7,
    "2-0": 8,
    "2-6": 9,
    "4-0": 10,
    "4-1": 11,
    "4-3": 12,
    "4-7": 13,
    "4-9": 14,
    "5-6": 15,
    "6-0": 16,
    "6-2": 17,
    "6-5": 18,
    "6-9": 19,
    "6-10": 20,
    "7-4": 21,
    "7-8": 22,
    "8-0": 23,
    "8-8": 24,
    "9-4": 25,
    "10-0": 26,
    "10-8": 27
  }
}