{
  "rowLines": [
    0.01,
    0.076,
    0.14200000000000002,
    0.20800000000000002,
    0.274,
    0.33999999999999997,
    0.406,
    0.47200000000000003,
    0.538,
    0.604,
    0.6699999999999999,
    0.736,
    0.802,
    0.868,
    0.934,
    1
  ],
  "colLines": [
    0.01,
    0.07533333333333332,
    0.14066666666666666,
    0.20600000000000002,
    0.2713333333333333,
    0.33666666666666667,
    0.402,
    0.4673333333333333,
    0.5326666666666666,
    0.598,
    0.6633333333333333,
    0.7286666666666666,
    0.794,
    0.8593333333333334,
    0.9246666666666666,
    0.99
  ],
  "cellNumbers": {
    "0-0": 1,
    "0-2": 2,
    "0-4": 3,
    "0-6": 4,
    "0-8": 5,
    "0-10": 6,
    "0-12": 7,
    "0-14": 8,
    "1-2": 9,
    "1-10": 10,
    "2-0": 11,
    "2-4": 12,
    "2-7": 13,
    "2-9": 14,
    "2-12": 15,
    "3-2": 16,
    "3-6": 17,
    "4-0": 18,
    "4-4": 19,
    "4-8": 20,
    "4-10": 21,
    "4-11": 22,
    "4-14": 23,
    "5-3": 24,
    "6-0": 25,
    "6-2": 26,
    "6-4": 27,
    "6-7": 28,
    "6-10": 29,
    "6-12": 30,
    "7-2": 31,
    "7-6": 32,
    "7-10": 33,
    "8-0": 34,
    "8-4": 35,
    "8-9": 36,
    "8-12": 37,
    "8-14": 38,
    "9-3": 39,
    "9-8": 40,
    "9-10": 41,
    "10-0": 42,
    "10-2": 43,
    "10-6": 44,
    "10-12": 45,
    "11-5": 46,
    "11-11": 47,
    "12-0": 48,
    "12-4": 49,
    "12-6": 50,
    "12-9": 51,
    "12-10": 52,
    "12-12": 53,
    "12-14": 54,
    "13-2": 55,
    "13-8": 56,
    "13-10": 57,
    "14-0": 58,
    "14-4": 59,
    "14-8": 60,
    "14-12": 61
  }
}