{
  "rowLines": [
    0.01,
    0.076,
    0.14200000000000002,
    0.20800000000000002,
    0.274,
    0.33999999999999997,
    0.406,
    0.47200000000000003,
    0.538,
    0.604,
    0.6699999999999999,
    0.736,
    0.802,
    0.868,
    0.934,
    1
  ],
  "colLines": [
    0.01,
    0.07533333333333332,
    0.14066666666666666,
    0.20600000000000002,
    0.2713333333333333,
    0.33666666666666667,
    0.402,
    0.4673333333333333,
    0.5326666666666666,
    0.598,
    0.6633333333333333,
    0.7286666666666666,
    0.794,
    0.8593333333333334,
    0.9246666666666666,
    0.99
  ],
  "cellNumbers": {
    "0-0": 1,
    "0-2": 2,
    "0-5": 3,
    "0-6": 4,
    "0-10": 5,
    "0-12": 6,
    "0-14": 7,
    "1-4": 8,
    "1-8": 9,
    "2-3": 10,
    "2-6": 11,
    "2-12": 12,
    "3-2": 13,
    "4-0": 14,
    "4-6": 15,
    "4-8": 16,
    "4-12": 17,
    "5-14": 18,
    "6-0": 19,
    "6-2": 20,
    "6-4": 21,
    "6-7": 22,
    "6-10": 23,
    "6-12": 24,
    "7-6": 25,
    "8-0": 26,
    "8-6": 27,
    "8-9": 28,
    "9-8": 29,
    "10-1": 30,
    "10-2": 31,
    "10-4": 32,
    "10-10": 33,
    "10-12": 34,
    "11-0": 35,
    "12-0": 36,
    "12-4": 37,
    "12-6": 38,
    "12-8": 39,
    "12-10": 40,
    "13-12": 41,
    "13-14": 42,
    "14-0": 43,
    "14-7": 44,
    "14-11": 45
  }
}