{
  "rowLines": [
    0.01,
    0.076,
    0.14200000000000002,
    0.20800000000000002,
    0.274,
    0.33999999999999997,
    0.406,
    0.47200000000000003,
    0.538,
    0.604,
    0.6699999999999999,
    0.736,
    0.802,
    0.868,
    0.934,
    1
  ],
  "colLines": [
    0.01,
    0.07533333333333332,
    0.14066666666666666,
    0.20600000000000002,
    0.2713333333333333,
    0.33666666666666667,
    0.402,
    0.4673333333333333,
    0.5326666666666666,
    0.598,
    0.6633333333333333,
    0.7286666666666666,
    0.794,
    0.8593333333333334,
    0.9246666666666666,
    0.99
  ],
  "cellNumbers": {
    "0-0": 1,
    "0-2": 2,
    "0-4": 3,
    "0-6": 4,
    "0-7": 5,
    "0-9": 6,
    "0-11": 7,
    "0-14": 8,
    "1-4": 9,
    "3-0": 10,
    "3-5": 11,
    "3-9": 12,
    "4-8": 13,
    "5-0": 14,
    "5-4": 15,
    "5-6": 16,
    "5-9": 17,
    "5-12": 18,
    "6-3": 19,
    "6-5": 20,
    "6-7": 21,
    "7-0": 22,
    "7-2": 23,
    "7-6": 24,
    "8-5": 25,
    "9-2": 26,
    "9-9": 27,
    "9-11": 28,
    "11-2": 29,
    "11-6": 30,
    "11-11": 31,
    "12-8": 32,
    "13-8": 33,
    "13-13": 34,
    "13-14": 35,
    "14-1": 36,
    "14-6": 37,
    "14-11": 38
  }
}