{
  "rowLines": [
    0.01,
    0.08615384615384615,
    0.16230769230769232,
    0.23846153846153847,
    0.31461538461538463,
    0.3907692307692308,
    0.46692307692307694,
    0.543076923076923,
    0.6192307692307693,
    0.6953846153846154,
    0.7715384615384616,
    0.8476923076923076,
    0.9238461538461539,
    1
  ],
  "colLines": [
    0.01,
    0.08538461538461538,
    0.16076923076923078,
    0.23615384615384616,
    0.31153846153846154,
    0.3869230769230769,
    0.4623076923076923,
    0.5376923076923077,
    0.6130769230769231,
    0.6884615384615385,
    0.7638461538461538,
    0.8392307692307692,
    0.9146153846153846,
    0.99
  ],
  "cellNumbers": {
    "0-1": 1,
    "0-3": 2,
    "0-9": 3,
    "0-11": 4,
    "1-3": 5,
    "1-5": 6,
    "1-7": 7,
    "2-5": 8,
    "3-0": 9,
    "3-4": 10,
    "3-7": 11,
    "3-8": 12,
    "3-10": 13,
    "4-3": 14,
    "4-8": 15,
    "5-0": 16,
    "5-6": 17,
    "5-10": 18,
    "6-1": 19,
    "6-2": 20,
    "6-4": 21,
    "6-10": 22,
    "7-0": 23,
    "7-12": 24,
    "8-0": 25,
    "8-8": 26,
    "9-6": 27,
    "10-4": 28,
    "10-8": 29,
    "11-1": 30,
    "12-0": 31,
    "12-12": 32
  }
}