{
  "rowLines": [
    0,
    0.06666666666666667,
    0.13333333333333333,
    0.2,
    0.26666666666666666,
    0.3333333333333333,
    0.4,
    0.4666666666666667,
    0.5333333333333333,
    0.6,
    0.6666666666666666,
    0.7333333333333333,
    0.8,
    0.8666666666666667,
    0.9333333333333333,
    1
  ],
  "colLines": [
    0,
    0.066,
    0.132,
    0.198,
    0.264,
    0.32999999999999996,
    0.396,
    0.462,
    0.528,
    0.594,
    0.6599999999999999,
    0.726,
    0.792,
    0.858,
    0.924,
    0.99
  ],
  "cellNumbers": {
    "0-0": 1,
    "0-2": 2,
    "0-4": 3,
    "0-8": 4,
    "0-10": 5,
    "0-12": 6,
    "0-14": 7,
    "1-7": 8,
    "2-3": 9,
    "4-4": 10,
    "4-10": 11,
    "5-0": 12,
    "5-12": 13,
    "6-6": 14,
    "6-8": 15,
    "8-0": 16,
    "8-6": 17,
    "8-12": 18,
    "8-14": 19,
    "10-4": 20,
    "11-0": 21,
    "11-12": 22,
    "12-3": 23,
    "12-4": 24,
    "12-7": 25,
    "12-10": 26,
    "13-2": 27,
    "13-12": 28,
    "14-0": 29,
    "14-8": 30
  }
}