{
  "rowLines": [
    0,
    0.09090909090909091,
    0.18181818181818182,
    0.2727272727272727,
    0.36363636363636365,
    0.45454545454545453,
    0.5454545454545454,
    0.6363636363636364,
    0.7272727272727273,
    0.8181818181818182,
    0.9090909090909091,
    1
  ],
  "colLines": [
    0,
    0.08333333333333333,
    0.16666666666666666,
    0.25,
    0.3333333333333333,
    0.4166666666666667,
    0.5,
    0.5833333333333334,
    0.6666666666666666,
    0.75,
    0.8333333333333334,
    0.9166666666666666,
    1
  ],
  "cellNumbers": {
    "0-1": 1,
    "0-3": 2,
    "0-4": 3,
    "0-7": 4,
    "0-10": 5,
    "1-0": 6,
    "1-10": 7,
    "2-1": 8,
    "2-4": 9,
    "2-5": 10,
    "2-9": 11,
    "3-3": 12,
    "4-0": 13,
    "4-2": 14,
    "4-6": 15,
    "4-8": 16,
    "4-9": 17,
    "4-11": 18,
    "5-4": 19,
    "6-0": 20,
    "6-1": 21,
    "6-8": 22,
    "6-10": 23,
    "7-5": 24,
    "8-1": 25,
    "8-4": 26,
    "8-7": 27,
    "8-9": 28,
    "9-0": 29,
    "9-10": 30,
    "10-3": 31
  }
}