{
  "rowLines": [
    0.01,
    0.07533333333333332,
    0.14066666666666666,
    0.20600000000000002,
    0.2713333333333333,
    0.33666666666666667,
    0.402,
    0.4673333333333333,
    0.5326666666666666,
    0.598,
    0.6633333333333333,
    0.7286666666666666,
    0.794,
    0.8593333333333334,
    0.9246666666666666,
    0.99
  ],
  "colLines": [
    0.01,
    0.07533333333333332,
    0.14066666666666666,
    0.20600000000000002,
    0.2713333333333333,
    0.33666666666666667,
    0.402,
    0.4673333333333333,
    0.5326666666666666,
    0.598,
    0.6633333333333333,
    0.7286666666666666,
    0.794,
    0.8593333333333334,
    0.9246666666666666,
    0.99
  ],
  "cellNumbers": {
    "0-1": 1,
    "0-3": 2,
    "0-8": 3,
    "0-11": 4,
    "0-13": 5,
    "1-0": 6,
    "1-7": 7,
    "1-13": 8,
    "1-14": 9,
    "2-2": 10,
    "2-5": 11,
    "2-9": 12,
    "2-12": 13,
    "5-2": 14,
    "5-9": 15,
    "6-6": 16,
    "6-8": 17,
    "7-1": 18,
    "7-8": 19,
    "7-13": 20,
    "8-0": 21,
    "8-6": 22,
    "8-7": 23,
    "8-13": 24,
    "8-14": 25,
    "9-2": 26,
    "9-5": 27,
    "9-9": 28,
    "9-12": 29,
    "12-2": 30,
    "12-3": 31,
    "12-9": 32,
    "12-11": 33,
    "14-1": 34,
    "14-8": 35
  }
}