{
  "rowLines": [
    0.01,
    0.07533333333333332,
    0.14066666666666666,
    0.20600000000000002,
    0.2713333333333333,
    0.33666666666666667,
    0.402,
    0.4673333333333333,
    0.5326666666666666,
    0.598,
    0.6633333333333333,
    0.7286666666666666,
    0.794,
    0.8593333333333334,
    0.9246666666666666,
    0.99
  ],
  "colLines": [
    0.01,
    0.07533333333333332,
    0.14066666666666666,
    0.20600000000000002,
    0.2713333333333333,
    0.33666666666666667,
    0.402,
    0.4673333333333333,
    0.5326666666666666,
    0.598,
    0.6633333333333333,
    0.7286666666666666,
    0.794,
    0.8593333333333334,
    0.9246666666666666,
    0.99
  ],
  "cellNumbers": {
    "0-1": 1,
    "0-3": 2,
    "0-5": 3,
    "0-7": 4,
    "0-9": 5,
    "0-11": 6,
    "0-13": 7,
    "2-0": 8,
    "2-5": 9,
    "2-9": 10,
    "2-13": 11,
    "3-11": 12,
    "4-0": 13,
    "4-3": 14,
    "4-5": 15,
    "4-7": 16,
    "4-10": 17,
    "4-13": 18,
    "5-9": 19,
    "6-0": 20,
    "6-1": 21,
    "6-7": 22,
    "6-12": 23,
    "7-5": 24,
    "8-0": 25,
    "8-4": 26,
    "8-7": 27,
    "8-10": 28,
    "8-11": 29,
    "9-3": 30,
    "10-0": 31,
    "10-6": 32,
    "10-9": 33,
    "10-11": 34,
    "10-13": 35,
    "11-5": 36,
    "12-0": 37,
    "12-1": 38,
    "12-4": 39,
    "12-7": 40,
    "12-11": 41,
    "13-3": 42,
    "14-0": 43,
    "14-5": 44,
    "14-9": 45
  }
}