{
  "rowLines": [
    0.01,
    0.07533333333333332,
    0.14066666666666666,
    0.20600000000000002,
    0.2713333333333333,
    0.33666666666666667,
    0.402,
    0.4673333333333333,
    0.5326666666666666,
    0.598,
    0.6633333333333333,
    0.7286666666666666,
    0.794,
    0.8593333333333334,
    0.9246666666666666,
    0.99
  ],
  "colLines": [
    0.01,
    0.07533333333333332,
    0.14066666666666666,
    0.20600000000000002,
    0.2713333333333333,
    0.33666666666666667,
    0.402,
    0.4673333333333333,
    0.5326666666666666,
    0.598,
    0.6633333333333333,
    0.7286666666666666,
    0.794,
    0.8593333333333334,
    0.9246666666666666,
    0.99
  ],
  "cellNumbers": {
    "0-0": 1,
    "0-2": 2,
    "0-4": 3,
    "0-7": 4,
    "0-8": 5,
    "0-10": 6,
    "0-12": 7,
    "0-14": 8,
    "1-6": 9,
    "2-0": 10,
    "2-4": 11,
    "2-10": 12,
    "4-1": 13,
    "4-6": 14,
    "4-8": 15,
    "4-12": 16,
    "5-0": 17,
    "5-10": 18,
    "6-0": 19,
    "6-2": 20,
    "6-4": 21,
    "6-8": 22,
    "7-12": 23,
    "7-14": 24,
    "8-3": 25,
    "8-6": 26,
    "8-8": 27,
    "8-12": 28,
    "9-0": 29,
    "9-2": 30,
    "10-0": 31,
    "10-5": 32,
    "10-10": 33,
    "10-12": 34,
    "11-4": 35,
    "11-14": 36,
    "12-0": 37,
    "12-6": 38,
    "12-12": 39,
    "14-0": 40,
    "14-4": 41,
    "14-9": 42
  }
}