{
  "rowLines": [
    0.01,
    0.07533333333333332,
    0.14066666666666666,
    0.20600000000000002,
    0.2713333333333333,
    0.33666666666666667,
    0.402,
    0.4673333333333333,
    0.5326666666666666,
    0.598,
    0.6633333333333333,
    0.7286666666666666,
    0.794,
    0.8593333333333334,
    0.9246666666666666,
    0.99
  ],
  "colLines": [
    0.01,
    0.07533333333333332,
    0.14066666666666666,
    0.20600000000000002,
    0.2713333333333333,
    0.33666666666666667,
    0.402,
    0.4673333333333333,
    0.5326666666666666,
    0.598,
    0.6633333333333333,
    0.7286666666666666,
    0.794,
    0.8593333333333334,
    0.9246666666666666,
    0.99
  ],
  "cellNumbers": {
    "0-0": 1,
    "0-1": 2,
    "0-6": 3,
    "0-7": 4,
    "0-8": 5,
    "0-11": 6,
    "0-13": 7,
    "0-14": 8,
    "1-0": 9,
    "1-6": 10,
    "1-13": 11,
    "2-2": 12,
    "2-5": 13,
    "2-9": 14,
    "2-12": 15,
    "4-0": 16,
    "4-14": 17,
    "5-2": 18,
    "5-9": 19,
    "6-0": 20,
    "6-1": 21,
    "6-6": 22,
    "6-8": 23,
    "6-13": 24,
    "7-0": 25,
    "7-8": 26,
    "8-0": 27,
    "8-6": 28,
    "8-7": 29,
    "8-13": 30,
    "9-2": 31,
    "9-5": 32,
    "9-9": 33,
    "9-12": 34,
    "12-2": 35,
    "12-9": 36,
    "13-0": 37,
    "13-1": 38,
    "13-6": 39,
    "13-8": 40,
    "13-13": 41,
    "14-0": 42,
    "14-10": 43
  }
}