{
  "rowLines": [
    0.01,
    0.07533333333333332,
    0.14066666666666666,
    0.20600000000000002,
    0.2713333333333333,
    0.33666666666666667,
    0.402,
    0.4673333333333333,
    0.5326666666666666,
    0.598,
    0.6633333333333333,
    0.7286666666666666,
    0.794,
    0.8593333333333334,
    0.9246666666666666,
    0.99
  ],
  "colLines": [
    0.01,
    0.07533333333333332,
    0.14066666666666666,
    0.20600000000000002,
    0.2713333333333333,
    0.33666666666666667,
    0.402,
    0.4673333333333333,
    0.5326666666666666,
    0.598,
    0.6633333333333333,
    0.7286666666666666,
    0.794,
    0.8593333333333334,
    0.9246666666666666,
    0.99
  ],
  "cellNumbers": {
    "0-0": 1,
    "0-2": 2,
    "0-4": 3,
    "0-6": 4,
    "0-8": 5,
    "0-11": 6,
    "0-12": 7,
    "0-14": 8,
    "2-0": 9,
    "2-4": 10,
    "2-12": 11,
    "3-8": 12,
    "3-10": 13,
    "4-0": 14,
    "4-2": 15,
    "4-5": 16,
    "4-10": 17,
    "5-4": 18,
    "6-0": 19,
    "6-6": 20,
    "6-10": 21,
    "6-12": 22,
    "8-0": 23,
    "8-6": 24,
    "8-10": 25,
    "10-0": 26,
    "10-2": 27,
    "10-6": 28,
    "10-8": 29,
    "10-11": 30,
    "10-14": 31,
    "11-10": 32,
    "12-0": 33,
    "12-7": 34,
    "12-12": 35,
    "13-6": 36,
    "14-2": 37,
    "14-5": 38,
    "14-10": 39
  }
}