{
  "rowLines": [
    0.01,
    0.07533333333333332,
    0.14066666666666666,
    0.20600000000000002,
    0.2713333333333333,
    0.33666666666666667,
    0.402,
    0.4673333333333333,
    0.5326666666666666,
    0.598,
    0.6633333333333333,
    0.7286666666666666,
    0.794,
    0.8593333333333334,
    0.9246666666666666,
    0.99
  ],
  "colLines": [
    0.01,
    0.07533333333333332,
    0.14066666666666666,
    0.20600000000000002,
    0.2713333333333333,
    0.33666666666666667,
    0.402,
    0.4673333333333333,
    0.5326666666666666,
    0.598,
    0.6633333333333333,
    0.7286666666666666,
    0.794,
    0.8593333333333334,
    0.9246666666666666,
    0.99
  ],
  "cellNumbers": {
    "0-0": 1,
    "0-4": 2,
    "0-6": 3,
    "0-7": 4,
    "0-10": 5,
    "0-14": 6,
    "2-2": 7,
    "2-12": 8,
    "3-6": 9,
    "5-0": 10,
    "5-10": 11,
    "6-5": 12,
    "6-9": 13,
    "7-0": 14,
    "7-9": 15,
    "8-5": 16,
    "8-7": 17,
    "9-0": 18,
    "9-4": 19,
    "9-10": 20,
    "9-14": 21,
    "11-2": 22,
    "11-6": 23,
    "11-12": 24,
    "14-0": 25,
    "14-6": 26,
    "14-10": 27
  }
}