{
  "rowLines": [
    0.01,
    0.07533333333333332,
    0.14066666666666666,
    0.20600000000000002,
    0.2713333333333333,
    0.33666666666666667,
    0.402,
    0.4673333333333333,
    0.5326666666666666,
    0.598,
    0.6633333333333333,
    0.7286666666666666,
    0.794,
    0.8593333333333334,
    0.9246666666666666,
    0.99
  ],
  "colLines": [
    0.01,
    0.07533333333333332,
    0.14066666666666666,
    0.20600000000000002,
    0.2713333333333333,
    0.33666666666666667,
    0.402,
    0.4673333333333333,
    0.5326666666666666,
    0.598,
    0.6633333333333333,
    0.7286666666666666,
    0.794,
    0.8593333333333334,
    0.9246666666666666,
    0.99
  ],
  "cellNumbers": {
    "0-0": 1,
    "0-6": 2,
    "0-7": 3,
    "0-10": 4,
    "0-14": 5,
    "1-5": 6,
    "1-9": 7,
    "2-2": 8,
    "2-3": 9,
    "2-11": 10,
    "2-12": 11,
    "3-2": 12,
    "3-11": 13,
    "4-2": 14,
    "4-6": 15,
    "4-8": 16,
    "4-11": 17,
    "5-1": 18,
    "5-8": 19,
    "6-0": 20,
    "6-7": 21,
    "6-14": 22,
    "7-0": 23,
    "7-6": 24,
    "7-8": 25,
    "7-10": 26,
    "8-7": 27,
    "9-1": 28,
    "9-2": 29,
    "9-3": 30,
    "9-6": 31,
    "9-8": 32,
    "9-11": 33,
    "9-12": 34,
    "10-0": 35,
    "10-2": 36,
    "10-6": 37,
    "10-7": 38,
    "10-11": 39,
    "10-14": 40,
    "11-2": 41,
    "11-5": 42,
    "11-9": 43,
    "11-11": 44,
    "12-2": 45,
    "12-11": 46,
    "14-0": 47,
    "14-6": 48,
    "14-10": 49
  }
}