{
  "rowLines": [
    0.01,
    0.07533333333333332,
    0.14066666666666666,
    0.20600000000000002,
    0.2713333333333333,
    0.33666666666666667,
    0.402,
    0.4673333333333333,
    0.5326666666666666,
    0.598,
    0.6633333333333333,
    0.7286666666666666,
    0.794,
    0.8593333333333334,
    0.9246666666666666,
    0.99
  ],
  "colLines": [
    0.01,
    0.07533333333333332,
    0.14066666666666666,
    0.20600000000000002,
    0.2713333333333333,
    0.33666666666666667,
    0.402,
    0.4673333333333333,
    0.5326666666666666,
    0.598,
    0.6633333333333333,
    0.7286666666666666,
    0.794,
    0.8593333333333334,
    0.9246666666666666,
    0.99
  ],
  "cellNumbers": {
    "0-1": 1,
    "0-3": 2,
    "0-4": 3,
    "0-6": 4,
    "0-8": 5,
    "0-10": 6,
    "0-11": 7,
    "0-13": 8,
    "1-0": 9,
    "1-3": 10,
    "1-6": 11,
    "1-7": 12,
    "1-10": 13,
    "1-13": 14,
    "1-14": 15,
    "2-5": 16,
    "2-9": 17,
    "3-0": 18,
    "3-1": 19,
    "3-3": 20,
    "3-5": 21,
    "3-11": 22,
    "3-13": 23,
    "4-0": 24,
    "4-4": 25,
    "4-9": 26,
    "4-10": 27,
    "4-13": 28,
    "5-2": 29,
    "5-3": 30,
    "5-6": 31,
    "5-10": 32,
    "5-11": 33,
    "6-0": 34,
    "6-1": 35,
    "6-5": 36,
    "6-9": 37,
    "6-13": 38,
    "7-1": 39,
    "8-0": 40,
    "8-13": 41,
    "8-14": 42,
    "9-2": 43,
    "9-4": 44,
    "9-6": 45,
    "9-10": 46,
    "10-0": 47,
    "10-1": 48,
    "10-4": 49,
    "10-5": 50,
    "10-9": 51,
    "10-13": 52,
    "11-0": 53,
    "11-3": 54,
    "11-5": 55,
    "11-11": 56,
    "11-13": 57,
    "13-0": 58,
    "13-1": 59,
    "13-3": 60,
    "13-4": 61,
    "13-6": 62,
    "13-8": 63,
    "13-10": 64,
    "13-11": 65,
    "13-13": 66,
    "14-1": 67,
    "14-8": 68
  }
}