{
  "rowLines": [
    0.01,
    0.07533333333333332,
    0.14066666666666666,
    0.20600000000000002,
    0.2713333333333333,
    0.33666666666666667,
    0.402,
    0.4673333333333333,
    0.5326666666666666,
    0.598,
    0.6633333333333333,
    0.7286666666666666,
    0.794,
    0.8593333333333334,
    0.9246666666666666,
    0.99
  ],
  "colLines": [
    0.01,
    0.07466666666666666,
    0.13933333333333334,
    0.20400000000000001,
    0.26866666666666666,
    0.3333333333333333,
    0.398,
    0.46266666666666667,
    0.5273333333333333,
    0.592,
    0.6566666666666666,
    0.7213333333333333,
    0.786,
    0.8506666666666667,
    0.9153333333333333,
    0.98
  ],
  "cellNumbers": {
    "0-0": 1,
    "0-2": 2,
    "0-4": 3,
    "0-6": 4,
    "0-8": 5,
    "0-11": 6,
    "0-12": 7,
    "0-14": 8,
    "2-0": 9,
    "2-4": 10,
    "2-12": 11,
    "3-8": 12,
    "4-0": 13,
    "4-2": 14,
    "4-5": 15,
    "4-10": 16,
    "5-4": 17,
    "6-0": 18,
    "6-6": 19,
    "6-10": 20,
    "6-12": 21,
    "8-0": 22,
    "8-6": 23,
    "8-12": 24,
    "10-0": 25,
    "10-2": 26,
    "10-6": 27,
    "10-8": 28,
    "10-11": 29,
    "10-14": 30,
    "11-10": 31,
    "12-0": 32,
    "12-7": 33,
    "12-12": 34,
    "13-6": 35,
    "14-2": 36,
    "14-5": 37,
    "14-10": 38
  }
}