{
  "rowLines": [
    0,
    0.066,
    0.132,
    0.198,
    0.264,
    0.32999999999999996,
    0.396,
    0.462,
    0.528,
    0.594,
    0.6599999999999999,
    0.726,
    0.792,
    0.858,
    0.924,
    0.99
  ],
  "colLines": [
    0.01,
    0.07999999999999999,
    0.15,
    0.22,
    0.29,
    0.36,
    0.43,
    0.5,
    0.57,
    0.64,
    0.71,
    0.78,
    0.85,
    0.92,
    0.99
  ],
  "cellNumbers": {
    "0-0": 1,
    "0-1": 2,
    "0-3": 3,
    "0-5": 4,
    "0-8": 5,
    "0-10": 6,
    "0-12": 7,
    "0-13": 8,
    "1-0": 9,
    "1-5": 10,
    "1-12": 11,
    "2-0": 12,
    "2-12": 13,
    "3-2": 14,
    "3-8": 15,
    "3-11": 16,
    "4-5": 17,
    "4-6": 18,
    "4-7": 19,
    "5-5": 20,
    "7-0": 21,
    "7-13": 22,
    "8-5": 23,
    "8-6": 24,
    "8-7": 25,
    "9-2": 26,
    "9-3": 27,
    "9-4": 28,
    "9-6": 29,
    "9-9": 30,
    "9-10": 31,
    "10-2": 32,
    "10-8": 33,
    "11-6": 34,
    "11-7": 35,
    "12-0": 36,
    "12-1": 37,
    "12-5": 38,
    "12-8": 39,
    "12-12": 40,
    "13-0": 41,
    "13-3": 42,
    "13-5": 43,
    "13-10": 44,
    "13-12": 45,
    "14-0": 46,
    "14-8": 47
  }
}