{
  "rowLines": [
    0.01,
    0.07533333333333332,
    0.14066666666666666,
    0.20600000000000002,
    0.2713333333333333,
    0.33666666666666667,
    0.402,
    0.4673333333333333,
    0.5326666666666666,
    0.598,
    0.6633333333333333,
    0.7286666666666666,
    0.794,
    0.8593333333333334,
    0.9246666666666666,
    0.99
  ],
  "colLines": [
    0.01,
    0.076,
    0.14200000000000002,
    0.20800000000000002,
    0.274,
    0.33999999999999997,
    0.406,
    0.47200000000000003,
    0.538,
    0.604,
    0.6699999999999999,
    0.736,
    0.802,
    0.868,
    0.934,
    1
  ],
  "cellNumbers": {
    "0-0": 1,
    "0-2": 2,
    "0-4": 3,
    "0-6": 4,
    "0-7": 5,
    "0-10": 6,
    "0-12": 7,
    "0-14": 8,
    "2-0": 9,
    "2-3": 10,
    "2-9": 11,
    "2-13": 12,
    "4-0": 13,
    "4-2": 14,
    "4-6": 15,
    "4-8": 16,
    "4-10": 17,
    "4-12": 18,
    "6-0": 19,
    "6-4": 20,
    "6-8": 21,
    "6-10": 22,
    "6-14": 23,
    "7-0": 24,
    "7-10": 25,
    "8-4": 26,
    "8-6": 27,
    "8-8": 28,
    "10-0": 29,
    "10-4": 30,
    "10-6": 31,
    "10-7": 32,
    "10-10": 33,
    "10-14": 34,
    "12-0": 35,
    "12-3": 36,
    "12-9": 37,
    "12-13": 38,
    "13-2": 39,
    "13-12": 40,
    "14-0": 41,
    "14-6": 42,
    "14-10": 43
  }
}