{
  "rowLines": [
    0.01,
    0.07533333333333332,
    0.14066666666666666,
    0.20600000000000002,
    0.2713333333333333,
    0.33666666666666667,
    0.402,
    0.4673333333333333,
    0.5326666666666666,
    0.598,
    0.6633333333333333,
    0.7286666666666666,
    0.794,
    0.8593333333333334,
    0.9246666666666666,
    0.99
  ],
  "colLines": [
    0,
    0.066,
    0.132,
    0.198,
    0.264,
    0.32999999999999996,
    0.396,
    0.462,
    0.528,
    0.594,
    0.6599999999999999,
    0.726,
    0.792,
    0.858,
    0.924,
    0.99
  ],
  "cellNumbers": {
    "0-0": 1,
    "0-4": 2,
    "0-6": 3,
    "0-7": 4,
    "0-10": 5,
    "0-14": 6,
    "2-2": 7,
    "2-6": 8,
    "2-8": 9,
    "2-12": 10,
    "4-0": 11,
    "4-6": 12,
    "4-10": 13,
    "6-0": 14,
    "6-2": 15,
    "6-4": 16,
    "6-8": 17,
    "6-10": 18,
    "6-14": 19,
    "7-0": 20,
    "7-13": 21,
    "8-2": 22,
    "8-6": 23,
    "8-8": 24,
    "8-12": 25,
    "10-0": 26,
    "10-4": 27,
    "10-6": 28,
    "10-10": 29,
    "10-14": 30,
    "12-2": 31,
    "12-8": 32,
    "13-7": 33,
    "14-0": 34,
    "14-6": 35,
    "14-10": 36
  }
}