{
  "rowLines": [
    0,
    0.066,
    0.132,
    0.198,
    0.264,
    0.32999999999999996,
    0.396,
    0.462,
    0.528,
    0.594,
    0.6599999999999999,
    0.726,
    0.792,
    0.858,
    0.924,
    0.99
  ],
  "colLines": [
    0.01,
    0.07533333333333332,
    0.14066666666666666,
    0.20600000000000002,
    0.2713333333333333,
    0.33666666666666667,
    0.402,
    0.4673333333333333,
    0.5326666666666666,
    0.598,
    0.6633333333333333,
    0.7286666666666666,
    0.794,
    0.8593333333333334,
    0.9246666666666666,
    0.99
  ],
  "cellNumbers": {
    "0-1": 1,
    "0-3": 2,
    "0-5": 3,
    "0-7": 4,
    "0-9": 5,
    "0-10": 6,
    "0-11": 7,
    "0-13": 8,
    "1-9": 9,
    "2-0": 10,
    "2-5": 11,
    "2-9": 12,
    "2-13": 13,
    "3-11": 14,
    "4-0": 15,
    "4-3": 16,
    "4-5": 17,
    "4-7": 18,
    "4-11": 19,
    "4-13": 20,
    "5-9": 21,
    "6-1": 22,
    "6-5": 23,
    "6-7": 24,
    "6-12": 25,
    "8-0": 26,
    "8-4": 27,
    "8-7": 28,
    "8-9": 29,
    "8-11": 30,
    "9-3": 31,
    "10-0": 32,
    "10-6": 33,
    "10-9": 34,
    "10-11": 35,
    "10-13": 36,
    "11-5": 37,
    "12-0": 38,
    "12-1": 39,
    "12-4": 40,
    "12-7": 41,
    "12-11": 42,
    "13-3": 43,
    "14-1": 44,
    "14-9": 45
  }
}