{
  "rowLines": [
    0,
    0.066,
    0.132,
    0.198,
    0.264,
    0.32999999999999996,
    0.396,
    0.462,
    0.528,
    0.594,
    0.6599999999999999,
    0.726,
    0.792,
    0.858,
    0.924,
    0.99
  ],
  "colLines": [
    0,
    0.066,
    0.132,
    0.198,
    0.264,
    0.32999999999999996,
    0.396,
    0.462,
    0.528,
    0.594,
    0.6599999999999999,
    0.726,
    0.792,
    0.858,
    0.924,
    0.99
  ],
  "cellNumbers": {
    "0-0": 1,
    "0-3": 2,
    "0-4": 3,
    "0-5": 4,
    "0-6": 5,
    "0-8": 6,
    "0-9": 7,
    "0-10": 8,
    "0-11": 9,
    "0-14": 10,
    "1-3": 11,
    "1-8": 12,
    "2-0": 13,
    "2-10": 14,
    "3-5": 15,
    "3-8": 16,
    "4-0": 17,
    "4-3": 18,
    "4-4": 19,
    "4-10": 20,
    "4-11": 21,
    "5-3": 22,
    "5-10": 23,
    "6-0": 24,
    "6-10": 25,
    "7-7": 26,
    "8-0": 27,
    "8-9": 28,
    "8-14": 29,
    "9-6": 30,
    "9-8": 31,
    "10-0": 32,
    "10-3": 33,
    "10-4": 34,
    "10-10": 35,
    "10-11": 36,
    "11-3": 37,
    "11-10": 38,
    "12-0": 39,
    "12-10": 40,
    "13-3": 41,
    "13-10": 42,
    "14-0": 43,
    "14-8": 44
  }
}