{
  "rowLines": [
    0,
    0.066,
    0.132,
    0.198,
    0.264,
    0.32999999999999996,
    0.396,
    0.462,
    0.528,
    0.594,
    0.6599999999999999,
    0.726,
    0.792,
    0.858,
    0.924,
    0.99
  ],
  "colLines": [
    0.01,
    0.07533333333333332,
    0.14066666666666666,
    0.20600000000000002,
    0.2713333333333333,
    0.33666666666666667,
    0.402,
    0.4673333333333333,
    0.5326666666666666,
    0.598,
    0.6633333333333333,
    0.7286666666666666,
    0.794,
    0.8593333333333334,
    0.9246666666666666,
    0.99
  ],
  "cellNumbers": {
    "0-0": 1,
    "0-2": 2,
    "0-4": 3,
    "0-6": 4,
    "0-8": 5,
    "0-10": 6,
    "0-12": 7,
    "0-14": 8,
    "1-2": 9,
    "1-6": 10,
    "1-10": 11,
    "2-0": 12,
    "2-1": 13,
    "2-4": 14,
    "2-5": 15,
    "2-8": 16,
    "2-9": 17,
    "2-12": 18,
    "2-13": 19,
    "4-0": 20,
    "4-2": 21,
    "4-4": 22,
    "4-6": 23,
    "4-8": 24,
    "4-10": 25,
    "4-12": 26,
    "4-14": 27,
    "5-2": 28,
    "5-6": 29,
    "5-10": 30,
    "6-0": 31,
    "6-1": 32,
    "6-4": 33,
    "6-5": 34,
    "6-8": 35,
    "6-9": 36,
    "6-12": 37,
    "6-13": 38,
    "8-0": 39,
    "8-2": 40,
    "8-4": 41,
    "8-6": 42,
    "8-8": 43,
    "8-10": 44,
    "8-12": 45,
    "8-14": 46,
    "9-2": 47,
    "9-6": 48,
    "9-10": 49,
    "10-0": 50,
    "10-1": 51,
    "10-4": 52,
    "10-5": 53,
    "10-8": 54,
    "10-9": 55,
    "10-12": 56,
    "10-13": 57,
    "12-0": 58,
    "12-2": 59,
    "12-4": 60,
    "12-6": 61,
    "12-8": 62,
    "12-10": 63,
    "12-12": 64,
    "12-14": 65,
    "13-2": 66,
    "13-6": 67,
    "13-10": 68,
    "14-0": 69,
    "14-4": 70,
    "14-8": 71,
    "14-12": 72
  }
}