{
  "rowLines": [
    0.01,
    0.07533333333333332,
    0.14066666666666666,
    0.20600000000000002,
    0.2713333333333333,
    0.33666666666666667,
    0.402,
    0.4673333333333333,
    0.5326666666666666,
    0.598,
    0.6633333333333333,
    0.7286666666666666,
    0.794,
    0.8593333333333334,
    0.9246666666666666,
    0.99
  ],
  "colLines": [
    0.01,
    0.07533333333333332,
    0.14066666666666666,
    0.20600000000000002,
    0.2713333333333333,
    0.33666666666666667,
    0.402,
    0.4673333333333333,
    0.5326666666666666,
    0.598,
    0.6633333333333333,
    0.7286666666666666,
    0.794,
    0.8593333333333334,
    0.9246666666666666,
    0.99
  ],
  "cellNumbers": {
    "0-0": 1,
    "0-1": 2,
    "0-3": 3,
    "0-4": 4,
    "0-7": 5,
    "0-8": 6,
    "0-9": 7,
    "0-11": 8,
    "0-12": 9,
    "0-14": 10,
    "1-0": 11,
    "1-3": 12,
    "1-6": 13,
    "1-10": 14,
    "2-2": 15,
    "2-4": 16,
    "2-5": 17,
    "2-7": 18,
    "2-13": 19,
    "3-0": 20,
    "3-1": 21,
    "3-5": 22,
    "3-9": 23,
    "3-11": 24,
    "4-0": 25,
    "4-4": 26,
    "5-0": 27,
    "5-2": 28,
    "5-3": 29,
    "5-6": 30,
    "5-8": 31,
    "5-10": 32,
    "5-12": 33,
    "5-14": 34,
    "6-2": 35,
    "6-4": 36,
    "6-7": 37,
    "6-11": 38,
    "7-0": 39,
    "7-6": 40,
    "7-11": 41,
    "8-6": 42,
    "8-10": 43,
    "8-13": 44,
    "9-1": 45,
    "9-3": 46,
    "9-10": 47,
    "9-11": 48,
    "9-12": 49,
    "10-0": 50,
    "10-4": 51,
    "10-9": 52,
    "11-3": 53,
    "11-7": 54,
    "11-8": 55,
    "12-5": 56,
    "12-6": 57,
    "12-10": 58,
    "12-12": 59,
    "13-0": 60,
    "14-7": 61,
    "14-11": 62
  }
}