{
  "rowLines": [
    0,
    0.066,
    0.132,
    0.198,
    0.264,
    0.32999999999999996,
    0.396,
    0.462,
    0.528,
    0.594,
    0.6599999999999999,
    0.726,
    0.792,
    0.858,
    0.924,
    0.99
  ],
  "colLines": [
    0,
    0.066,
    0.132,
    0.198,
    0.264,
    0.32999999999999996,
    0.396,
    0.462,
    0.528,
    0.594,
    0.6599999999999999,
    0.726,
    0.792,
    0.858,
    0.924,
    0.99
  ],
  "cellNumbers": {
    "0-1": 1,
    "0-3": 2,
    "0-5": 3,
    "0-7": 4,
    "0-9": 5,
    "0-11": 6,
    "0-13": 7,
    "2-0": 8,
    "2-5": 9,
    "2-9": 10,
    "2-13": 11,
    "3-11": 12,
    "4-0": 13,
    "4-3": 14,
    "4-5": 15,
    "4-7": 16,
    "4-10": 17,
    "4-13": 18,
    "5-9": 19,
    "6-0": 20,
    "6-1": 21,
    "6-7": 22,
    "6-12": 23,
    "7-5": 24,
    "8-0": 25,
    "8-4": 26,
    "8-7": 27,
    "8-10": 28,
    "8-11": 29,
    "9-3": 30,
    "9-9": 31,
    "10-0": 32,
    "10-6": 33,
    "10-11": 34,
    "10-13": 35,
    "11-5": 36,
    "12-0": 37,
    "12-1": 38,
    "12-4": 39,
    "12-7": 40,
    "12-11": 41,
    "13-3": 42,
    "14-0": 43,
    "14-5": 44,
    "14-9": 45
  }
}