{
  "rowLines": [
    0,
    0.066,
    0.132,
    0.198,
    0.264,
    0.32999999999999996,
    0.396,
    0.462,
    0.528,
    0.594,
    0.6599999999999999,
    0.726,
    0.792,
    0.858,
    0.924,
    0.99
  ],
  "colLines": [
    0,
    0.066,
    0.132,
    0.198,
    0.264,
    0.32999999999999996,
    0.396,
    0.462,
    0.528,
    0.594,
    0.6599999999999999,
    0.726,
    0.792,
    0.858,
    0.924,
    0.99
  ],
  "cellNumbers": {
    "0-0": 1,
    "0-2": 2,
    "0-4": 3,
    "0-6": 4,
    "0-7": 5,
    "0-10": 6,
    "0-12": 7,
    "0-14": 8,
    "1-4": 9,
    "1-9": 10,
    "2-0": 11,
    "2-3": 12,
    "2-6": 13,
    "2-10": 14,
    "2-13": 15,
    "3-2": 16,
    "3-12": 17,
    "4-0": 18,
    "4-1": 19,
    "4-5": 20,
    "4-11": 21,
    "4-13": 22,
    "5-4": 23,
    "5-10": 24,
    "6-0": 25,
    "6-2": 26,
    "6-6": 27,
    "6-8": 28,
    "6-12": 29,
    "6-14": 30,
    "7-0": 31,
    "7-8": 32,
    "8-6": 33,
    "8-7": 34,
    "9-1": 35,
    "9-13": 36,
    "10-0": 37,
    "10-2": 38,
    "10-5": 39,
    "10-11": 40,
    "10-12": 41,
    "10-14": 42,
    "11-4": 43,
    "11-10": 44,
    "12-0": 45,
    "12-3": 46,
    "12-6": 47,
    "12-10": 48,
    "12-13": 49,
    "13-2": 50,
    "13-4": 51,
    "13-9": 52,
    "13-12": 53,
    "14-0": 54,
    "14-6": 55,
    "14-10": 56
  }
}