{
  "rowLines": [
    0.01,
    0.07533333333333332,
    0.14066666666666666,
    0.20600000000000002,
    0.2713333333333333,
    0.33666666666666667,
    0.402,
    0.4673333333333333,
    0.5326666666666666,
    0.598,
    0.6633333333333333,
    0.7286666666666666,
    0.794,
    0.8593333333333334,
    0.9246666666666666,
    0.99
  ],
  "colLines": [
    0.01,
    0.07533333333333332,
    0.14066666666666666,
    0.20600000000000002,
    0.2713333333333333,
    0.33666666666666667,
    0.402,
    0.4673333333333333,
    0.5326666666666666,
    0.598,
    0.6633333333333333,
    0.7286666666666666,
    0.794,
    0.8593333333333334,
    0.9246666666666666,
    0.99
  ],
  "cellNumbers": {
    "0-0": 1,
    "0-2": 2,
    "0-5": 3,
    "0-8": 4,
    "0-9": 5,
    "0-12": 6,
    "0-14": 7,
    "1-7": 8,
    "2-0": 9,
    "2-3": 10,
    "2-9": 11,
    "2-13": 12,
    "3-2": 13,
    "3-12": 14,
    "4-0": 15,
    "4-3": 16,
    "4-11": 17,
    "4-13": 18,
    "5-2": 19,
    "5-10": 20,
    "5-13": 21,
    "7-1": 22,
    "7-8": 23,
    "8-0": 24,
    "8-7": 25,
    "8-14": 26,
    "9-0": 27,
    "9-1": 28,
    "9-3": 29,
    "9-10": 30,
    "9-11": 31,
    "9-13": 32,
    "10-0": 33,
    "10-2": 34,
    "10-5": 35,
    "10-9": 36,
    "10-11": 37,
    "10-12": 38,
    "12-0": 39,
    "12-3": 40,
    "12-9": 41,
    "12-13": 42,
    "13-2": 43,
    "13-12": 44,
    "14-0": 45,
    "14-8": 46
  }
}