{
  "rowLines": [
    0,
    0.066,
    0.132,
    0.198,
    0.264,
    0.32999999999999996,
    0.396,
    0.462,
    0.528,
    0.594,
    0.6599999999999999,
    0.726,
    0.792,
    0.858,
    0.924,
    0.99
  ],
  "colLines": [
    0.01,
    0.074,
    0.138,
    0.202,
    0.266,
    0.32999999999999996,
    0.394,
    0.458,
    0.522,
    0.586,
    0.6499999999999999,
    0.714,
    0.778,
    0.842,
    0.906,
    0.97
  ],
  "cellNumbers": {
    "0-0": 1,
    "0-2": 2,
    "0-4": 3,
    "0-6": 4,
    "0-8": 5,
    "0-10": 6,
    "0-14": 7,
    "1-0": 8,
    "1-4": 9,
    "1-8": 10,
    "1-12": 11,
    "3-0": 12,
    "3-2": 13,
    "3-6": 14,
    "3-9": 15,
    "4-8": 16,
    "5-2": 17,
    "5-4": 18,
    "5-7": 19,
    "5-11": 20,
    "5-12": 21,
    "6-6": 22,
    "6-10": 23,
    "7-1": 24,
    "7-2": 25,
    "7-6": 26,
    "7-10": 27,
    "8-0": 28,
    "8-14": 29,
    "9-0": 30,
    "9-5": 31,
    "9-9": 32,
    "9-12": 33,
    "10-4": 34,
    "10-8": 35,
    "11-0": 36,
    "11-7": 37,
    "11-10": 38,
    "12-6": 39,
    "13-0": 40,
    "13-4": 41,
    "13-8": 42,
    "13-12": 43
  }
}