{
  "rowLines": [
    0,
    0.05266666666666666,
    0.10533333333333332,
    0.158,
    0.21066666666666664,
    0.2633333333333333,
    0.316,
    0.36866666666666664,
    0.4213333333333333,
    0.4739999999999999,
    0.5266666666666666,
    0.5793333333333333,
    0.632,
    0.6846666666666666,
    0.7373333333333333,
    0.7899999999999999
  ],
  "colLines": [
    0,
    0.064,
    0.128,
    0.192,
    0.256,
    0.31999999999999995,
    0.384,
    0.448,
    0.512,
    0.576,
    0.6399999999999999,
    0.704,
    0.768,
    0.832,
    0.896,
    0.96
  ],
  "cellNumbers": {
    "0-4": 1,
    "0-6": 2,
    "0-8": 3,
    "0-12": 4,
    "1-1": 5,
    "1-6": 6,
    "1-11": 7,
    "2-0": 8,
    "2-10": 9,
    "3-0": 10,
    "3-2": 11,
    "3-4": 12,
    "3-5": 13,
    "3-8": 14,
    "3-13": 15,
    "5-0": 16,
    "5-4": 17,
    "5-6": 18,
    "5-8": 19,
    "5-13": 20,
    "6-12": 21,
    "7-0": 22,
    "7-2": 23,
    "7-6": 24,
    "7-10": 25,
    "7-12": 26,
    "7-14": 27,
    "9-0": 28,
    "9-4": 29,
    "9-8": 30,
    "9-9": 31,
    "9-12": 32,
    "11-0": 33,
    "11-3": 34,
    "11-4": 35,
    "11-6": 36,
    "11-8": 37,
    "11-10": 38,
    "11-12": 39,
    "11-14": 40,
    "12-2": 41,
    "13-0": 42,
    "13-6": 43,
    "13-10": 44
  }
}