{
  "rowLines": [
    0.010000000000000004,
    0.07533333333333334,
    0.14066666666666666,
    0.20600000000000002,
    0.2713333333333333,
    0.33666666666666667,
    0.402,
    0.4673333333333333,
    0.5326666666666666,
    0.598,
    0.6633333333333333,
    0.7286666666666666,
    0.794,
    0.8593333333333334,
    0.9246666666666666,
    0.99
  ],
  "colLines": [
    0,
    0.066,
    0.132,
    0.198,
    0.264,
    0.32999999999999996,
    0.396,
    0.462,
    0.528,
    0.594,
    0.6599999999999999,
    0.726,
    0.792,
    0.858,
    0.924,
    0.99
  ],
  "cellNumbers": {
    "0-0": 1,
    "0-2": 2,
    "0-4": 3,
    "0-6": 4,
    "0-9": 5,
    "0-10": 6,
    "0-12": 7,
    "0-14": 8,
    "1-8": 9,
    "2-0": 10,
    "2-6": 11,
    "4-0": 12,
    "4-7": 13,
    "5-6": 14,
    "6-0": 15,
    "6-4": 16,
    "6-6": 17,
    "6-12": 18,
    "8-0": 19,
    "8-10": 20,
    "10-0": 21,
    "10-2": 22,
    "10-9": 23,
    "10-10": 24,
    "10-14": 25,
    "11-8": 26,
    "12-0": 27,
    "12-10": 28,
    "14-0": 29,
    "14-7": 30
  }
}