{
  "rowLines": [
    3.469446951953614e-18,
    0.06666666666666667,
    0.13333333333333333,
    0.2,
    0.26666666666666666,
    0.3333333333333333,
    0.4,
    0.4666666666666667,
    0.5333333333333333,
    0.6,
    0.6666666666666666,
    0.7333333333333333,
    0.8,
    0.8666666666666667,
    0.9333333333333333,
    1
  ],
  "colLines": [
    0.01,
    0.076,
    0.14200000000000002,
    0.20800000000000002,
    0.274,
    0.33999999999999997,
    0.406,
    0.47200000000000003,
    0.538,
    0.604,
    0.6699999999999999,
    0.736,
    0.802,
    0.868,
    0.934,
    1
  ],
  "cellNumbers": {
    "0-0": 1,
    "0-2": 2,
    "0-4": 3,
    "0-6": 4,
    "0-8": 5,
    "0-10": 6,
    "0-12": 7,
    "0-14": 8,
    "1-0": 9,
    "1-10": 10,
    "3-0": 11,
    "3-8": 12,
    "5-0": 13,
    "5-6": 14,
    "5-10": 15,
    "7-0": 16,
    "7-6": 17,
    "7-12": 18,
    "9-0": 19,
    "9-2": 20,
    "9-8": 21,
    "9-10": 22,
    "9-14": 23,
    "11-0": 24,
    "11-4": 25,
    "11-8": 26,
    "13-0": 27,
    "13-6": 28
  }
}