{
  "rowLines": [
    0,
    0.066,
    0.132,
    0.198,
    0.264,
    0.32999999999999996,
    0.396,
    0.462,
    0.528,
    0.594,
    0.6599999999999999,
    0.726,
    0.792,
    0.858,
    0.924,
    0.99
  ],
  "colLines": [
    0,
    0.066,
    0.132,
    0.198,
    0.264,
    0.32999999999999996,
    0.396,
    0.462,
    0.528,
    0.594,
    0.6599999999999999,
    0.726,
    0.792,
    0.858,
    0.924,
    0.99
  ],
  "cellNumbers": {
    "0-0": 1,
    "0-2": 2,
    "0-4": 3,
    "0-6": 4,
    "0-8": 5,
    "0-10": 6,
    "0-12": 7,
    "0-14": 8,
    "1-0": 9,
    "1-8": 10,
    "3-0": 11,
    "3-8": 12,
    "5-0": 13,
    "5-4": 14,
    "5-10": 15,
    "7-0": 16,
    "7-2": 17,
    "7-6": 18,
    "7-8": 19,
    "9-0": 20,
    "9-6": 21,
    "9-8": 22,
    "9-12": 23,
    "9-14": 24,
    "11-0": 25,
    "11-8": 26,
    "11-10": 27,
    "13-0": 28,
    "13-8": 29
  }
}