{
  "rowLines": [
    0.01,
    0.076,
    0.14200000000000002,
    0.20800000000000002,
    0.274,
    0.33999999999999997,
    0.406,
    0.47200000000000003,
    0.538,
    0.604,
    0.6699999999999999,
    0.736,
    0.802,
    0.868,
    0.934,
    1
  ],
  "colLines": [
    0,
    0.06666666666666667,
    0.13333333333333333,
    0.2,
    0.26666666666666666,
    0.3333333333333333,
    0.4,
    0.4666666666666667,
    0.5333333333333333,
    0.6,
    0.6666666666666666,
    0.7333333333333333,
    0.8,
    0.8666666666666667,
    0.9333333333333333,
    1
  ],
  "cellNumbers": {
    "0-0": 1,
    "0-2": 2,
    "0-4": 3,
    "0-6": 4,
    "0-9": 5,
    "0-10": 6,
    "0-12": 7,
    "0-14": 8,
    "1-8": 9,
    "2-0": 10,
    "2-6": 11,
    "4-0": 12,
    "4-7": 13,
    "5-6": 14,
    "6-0": 15,
    "6-4": 16,
    "6-6": 17,
    "6-12": 18,
    "8-0": 19,
    "8-10": 20,
    "10-0": 21,
    "10-2": 22,
    "10-9": 23,
    "10-10": 24,
    "10-14": 25,
    "11-8": 26,
    "12-0": 27,
    "12-10": 28,
    "14-0": 29,
    "14-7": 30
  }
}