{
  "rowLines": [
    3.469446951953614e-18,
    0.066,
    0.132,
    0.198,
    0.264,
    0.32999999999999996,
    0.396,
    0.462,
    0.528,
    0.594,
    0.6599999999999999,
    0.726,
    0.792,
    0.858,
    0.924,
    0.99
  ],
  "colLines": [
    0.01,
    0.07533333333333332,
    0.14066666666666666,
    0.20600000000000002,
    0.2713333333333333,
    0.33666666666666667,
    0.402,
    0.4673333333333333,
    0.5326666666666666,
    0.598,
    0.6633333333333333,
    0.7286666666666666,
    0.794,
    0.8593333333333334,
    0.9246666666666666,
    0.99
  ],
  "cellNumbers": {
    "0-1": 1,
    "0-3": 2,
    "0-5": 3,
    "0-7": 4,
    "0-9": 5,
    "0-11": 6,
    "0-13": 7,
    "1-0": 8,
    "1-5": 9,
    "1-11": 10,
    "3-0": 11,
    "3-7": 12,
    "5-0": 13,
    "5-1": 14,
    "5-9": 15,
    "5-13": 16,
    "7-0": 17,
    "7-5": 18,
    "7-8": 19,
    "7-11": 20,
    "8-7": 21,
    "9-0": 22,
    "9-3": 23,
    "9-7": 24,
    "9-9": 25,
    "11-0": 26,
    "11-1": 27,
    "11-9": 28,
    "11-13": 29,
    "13-0": 30,
    "13-5": 31,
    "13-11": 32
  }
}