{
  "rowLines": [
    0.01,
    0.09909090909090909,
    0.1881818181818182,
    0.2772727272727273,
    0.3663636363636364,
    0.45545454545454545,
    0.5445454545454546,
    0.6336363636363637,
    0.7227272727272728,
    0.8118181818181819,
    0.9009090909090909,
    0.99
  ],
  "colLines": [
    0,
    0.09090909090909091,
    0.18181818181818182,
    0.2727272727272727,
    0.36363636363636365,
    0.45454545454545453,
    0.5454545454545454,
    0.6363636363636364,
    0.7272727272727273,
    0.8181818181818182,
    0.9090909090909091,
    1
  ],
  "cellNumbers": {
    "0-0": 1,
    "0-2": 2,
    "0-4": 3,
    "0-6": 4,
    "0-7": 5,
    "0-9": 6,
    "0-10": 7,
    "1-2": 8,
    "1-3": 9,
    "1-6": 10,
    "1-8": 11,
    "2-0": 12,
    "2-1": 13,
    "2-5": 14,
    "2-8": 15,
    "3-1": 16,
    "3-4": 17,
    "3-7": 18,
    "3-10": 19,
    "4-0": 20,
    "4-3": 21,
    "4-6": 22,
    "4-9": 23,
    "5-2": 24,
    "5-4": 25,
    "5-5": 26,
    "5-7": 27,
    "6-0": 28,
    "6-5": 29,
    "6-6": 30,
    "6-9": 31,
    "6-10": 32,
    "7-2": 33,
    "7-4": 34,
    "7-8": 35,
    "8-0": 36,
    "8-1": 37,
    "8-4": 38,
    "8-5": 39,
    "8-7": 40,
    "9-0": 41,
    "9-3": 42,
    "9-8": 43,
    "9-10": 44,
    "10-0": 45,
    "10-7": 46
  }
}