{
  "rowLines": [
    0,
    0.09,
    0.18,
    0.26999999999999996,
    0.36,
    0.44999999999999996,
    0.5399999999999999,
    0.63,
    0.72,
    0.81,
    0.8999999999999999,
    0.99
  ],
  "colLines": [
    0,
    0.09181818181818183,
    0.18363636363636365,
    0.27545454545454545,
    0.3672727272727273,
    0.4590909090909091,
    0.5509090909090909,
    0.6427272727272727,
    0.7345454545454546,
    0.8263636363636364,
    0.9181818181818182,
    1.01
  ],
  "cellNumbers": {
    "0-0": 1,
    "0-3": 2,
    "0-5": 3,
    "0-7": 4,
    "0-10": 5,
    "1-3": 6,
    "1-9": 7,
    "2-1": 8,
    "2-2": 9,
    "2-5": 10,
    "2-8": 11,
    "3-0": 12,
    "3-4": 13,
    "3-7": 14,
    "4-0": 15,
    "4-3": 16,
    "4-6": 17,
    "4-9": 18,
    "5-2": 19,
    "5-4": 20,
    "5-9": 21,
    "6-0": 22,
    "6-1": 23,
    "6-6": 24,
    "6-8": 25,
    "7-1": 26,
    "7-4": 27,
    "7-8": 28,
    "7-10": 29,
    "8-0": 30,
    "8-3": 31,
    "8-6": 32,
    "8-7": 33,
    "9-2": 34,
    "9-5": 35,
    "9-9": 36,
    "10-0": 37,
    "10-5": 38,
    "10-9": 39
  }
}