{
  "rowLines": [
    0,
    0.09,
    0.18,
    0.26999999999999996,
    0.36,
    0.44999999999999996,
    0.5399999999999999,
    0.63,
    0.72,
    0.81,
    0.8999999999999999,
    0.99
  ],
  "colLines": [
    0,
    0.09090909090909091,
    0.18181818181818182,
    0.2727272727272727,
    0.36363636363636365,
    0.45454545454545453,
    0.5454545454545454,
    0.6363636363636364,
    0.7272727272727273,
    0.8181818181818182,
    0.9090909090909091,
    1
  ],
  "cellNumbers": {
    "0-1": 1,
    "0-2": 2,
    "0-4": 3,
    "0-6": 4,
    "0-7": 5,
    "0-10": 6,
    "1-0": 7,
    "1-4": 8,
    "1-5": 9,
    "1-9": 10,
    "2-0": 11,
    "2-3": 12,
    "2-7": 13,
    "3-2": 14,
    "3-6": 15,
    "4-0": 16,
    "4-1": 17,
    "4-4": 18,
    "4-7": 19,
    "5-1": 20,
    "5-10": 21,
    "6-0": 22,
    "6-3": 23,
    "6-6": 24,
    "6-8": 25,
    "7-2": 26,
    "7-6": 27,
    "8-0": 28,
    "8-1": 29,
    "8-5": 30,
    "8-9": 31,
    "8-10": 32,
    "9-1": 33,
    "9-5": 34,
    "9-7": 35,
    "9-9": 36,
    "10-0": 37,
    "10-3": 38,
    "10-7": 39
  }
}