{
  "rowLines": [
    0,
    0.09,
    0.18,
    0.26999999999999996,
    0.36,
    0.44999999999999996,
    0.5399999999999999,
    0.63,
    0.72,
    0.81,
    0.8999999999999999,
    0.99
  ],
  "colLines": [
    0,
    0.09090909090909091,
    0.18181818181818182,
    0.2727272727272727,
    0.36363636363636365,
    0.45454545454545453,
    0.5454545454545454,
    0.6363636363636364,
    0.7272727272727273,
    0.8181818181818182,
    0.9090909090909091,
    1
  ],
  "cellNumbers": {
    "0-0": 1,
    "0-1": 2,
    "0-3": 3,
    "0-5": 4,
    "0-7": 5,
    "0-9": 6,
    "1-0": 7,
    "1-5": 8,
    "1-9": 9,
    "2-3": 10,
    "2-4": 11,
    "2-7": 12,
    "2-8": 13,
    "3-0": 14,
    "3-2": 15,
    "3-4": 16,
    "3-10": 17,
    "4-2": 18,
    "4-3": 19,
    "4-6": 20,
    "4-7": 21,
    "4-9": 22,
    "5-0": 23,
    "5-1": 24,
    "5-5": 25,
    "6-3": 26,
    "6-4": 27,
    "6-9": 28,
    "6-10": 29,
    "7-0": 30,
    "7-2": 31,
    "7-6": 32,
    "7-8": 33,
    "8-4": 34,
    "8-5": 35,
    "8-8": 36,
    "8-9": 37,
    "9-2": 38,
    "9-3": 39,
    "9-7": 40,
    "10-3": 41,
    "10-9": 42
  }
}