{
  "rowLines": [
    0,
    0.09,
    0.18,
    0.26999999999999996,
    0.36,
    0.44999999999999996,
    0.5399999999999999,
    0.63,
    0.72,
    0.81,
    0.8999999999999999,
    0.99
  ],
  "colLines": [
    0.01,
    0.09999999999999999,
    0.19,
    0.27999999999999997,
    0.37,
    0.45999999999999996,
    0.5499999999999999,
    0.64,
    0.73,
    0.8200000000000001,
    0.9099999999999999,
    1
  ],
  "cellNumbers": {
    "0-1": 1,
    "0-3": 2,
    "0-4": 3,
    "0-6": 4,
    "0-8": 5,
    "1-0": 6,
    "1-3": 7,
    "1-8": 8,
    "1-10": 9,
    "2-2": 10,
    "2-7": 11,
    "3-0": 12,
    "3-1": 13,
    "3-4": 14,
    "3-5": 15,
    "3-8": 16,
    "4-0": 17,
    "4-3": 18,
    "4-7": 19,
    "5-1": 20,
    "5-2": 21,
    "5-6": 22,
    "5-8": 23,
    "6-0": 24,
    "6-4": 25,
    "6-5": 26,
    "6-10": 27,
    "7-0": 28,
    "7-1": 29,
    "7-4": 30,
    "7-8": 31,
    "7-9": 32,
    "8-3": 33,
    "8-7": 34,
    "9-0": 35,
    "9-2": 36,
    "9-5": 37,
    "9-9": 38,
    "10-4": 39,
    "10-7": 40
  }
}