{
  "rowLines": [
    0.01,
    0.09909090909090909,
    0.1881818181818182,
    0.2772727272727273,
    0.3663636363636364,
    0.45545454545454545,
    0.5445454545454546,
    0.6336363636363637,
    0.7227272727272728,
    0.8118181818181819,
    0.9009090909090909,
    0.99
  ],
  "colLines": [
    0.01,
    0.09909090909090909,
    0.1881818181818182,
    0.2772727272727273,
    0.3663636363636364,
    0.45545454545454545,
    0.5445454545454546,
    0.6336363636363637,
    0.7227272727272728,
    0.8118181818181819,
    0.9009090909090909,
    0.99
  ],
  "cellNumbers": {
    "0-1": 1,
    "0-2": 2,
    "0-4": 3,
    "0-5": 4,
    "0-8": 5,
    "0-10": 6,
    "1-0": 7,
    "1-3": 8,
    "1-5": 9,
    "1-6": 10,
    "2-2": 11,
    "2-6": 12,
    "3-0": 13,
    "3-1": 14,
    "3-4": 15,
    "3-5": 16,
    "3-9": 17,
    "4-3": 18,
    "4-7": 19,
    "5-0": 20,
    "5-2": 21,
    "5-5": 22,
    "5-6": 23,
    "5-9": 24,
    "5-10": 25,
    "6-4": 26,
    "6-9": 27,
    "7-0": 28,
    "7-1": 29,
    "7-4": 30,
    "7-5": 31,
    "7-7": 32,
    "8-3": 33,
    "8-9": 34,
    "8-10": 35,
    "9-0": 36,
    "9-6": 37,
    "9-8": 38,
    "10-0": 39,
    "10-3": 40,
    "10-8": 41
  }
}