{
  "rowLines": [
    0.010000000000000004,
    0.0990909090909091,
    0.1881818181818182,
    0.2772727272727273,
    0.3663636363636364,
    0.45545454545454545,
    0.5445454545454546,
    0.6336363636363637,
    0.7227272727272728,
    0.8118181818181819,
    0.9009090909090909,
    0.99
  ],
  "colLines": [
    0,
    0.09,
    0.18,
    0.26999999999999996,
    0.36,
    0.44999999999999996,
    0.5399999999999999,
    0.63,
    0.72,
    0.81,
    0.8999999999999999,
    0.99
  ],
  "cellNumbers": {
    "0-0": 1,
    "0-2": 2,
    "0-4": 3,
    "0-6": 4,
    "0-8": 5,
    "0-10": 6,
    "1-2": 7,
    "1-3": 8,
    "1-6": 9,
    "1-7": 10,
    "2-0": 11,
    "2-1": 12,
    "2-5": 13,
    "2-9": 14,
    "3-1": 15,
    "3-4": 16,
    "3-6": 17,
    "4-0": 18,
    "4-3": 19,
    "4-8": 20,
    "4-10": 21,
    "5-0": 22,
    "5-2": 23,
    "5-4": 24,
    "5-7": 25,
    "6-2": 26,
    "6-6": 27,
    "6-9": 28,
    "7-0": 29,
    "7-1": 30,
    "7-4": 31,
    "8-3": 32,
    "8-8": 33,
    "8-10": 34,
    "9-0": 35,
    "9-5": 36,
    "9-7": 37,
    "10-3": 38,
    "10-6": 39,
    "10-9": 40
  }
}