{
  "rowLines": [
    3.469446951953614e-18,
    0.09090909090909091,
    0.18181818181818182,
    0.2727272727272727,
    0.36363636363636365,
    0.45454545454545453,
    0.5454545454545454,
    0.6363636363636364,
    0.7272727272727273,
    0.8181818181818182,
    0.9090909090909091,
    1
  ],
  "colLines": [
    0,
    0.09090909090909091,
    0.18181818181818182,
    0.2727272727272727,
    0.36363636363636365,
    0.45454545454545453,
    0.5454545454545454,
    0.6363636363636364,
    0.7272727272727273,
    0.8181818181818182,
    0.9090909090909091,
    1
  ],
  "cellNumbers": {
    "0-0": 1,
    "0-2": 2,
    "0-4": 3,
    "0-6": 4,
    "0-9": 5,
    "0-10": 6,
    "1-0": 7,
    "1-1": 8,
    "1-4": 9,
    "1-5": 10,
    "1-8": 11,
    "2-0": 12,
    "2-3": 13,
    "2-7": 14,
    "3-2": 15,
    "3-6": 16,
    "3-10": 17,
    "4-0": 18,
    "4-4": 19,
    "4-9": 20,
    "5-2": 21,
    "5-3": 22,
    "5-7": 23,
    "5-8": 24,
    "6-0": 25,
    "6-1": 26,
    "6-5": 27,
    "6-6": 28,
    "7-1": 29,
    "7-5": 30,
    "7-8": 31,
    "7-9": 32,
    "8-0": 33,
    "8-4": 34,
    "8-7": 35,
    "9-2": 36,
    "9-6": 37,
    "9-8": 38,
    "9-10": 39,
    "10-0": 40,
    "10-4": 41,
    "10-8": 42
  }
}