{
  "rowLines": [
    3.469446951953614e-18,
    0.09,
    0.18,
    0.26999999999999996,
    0.36,
    0.44999999999999996,
    0.5399999999999999,
    0.63,
    0.72,
    0.81,
    0.8999999999999999,
    0.99
  ],
  "colLines": [
    0.01,
    0.09999999999999999,
    0.19,
    0.27999999999999997,
    0.37,
    0.45999999999999996,
    0.5499999999999999,
    0.64,
    0.73,
    0.8200000000000001,
    0.9099999999999999,
    1
  ],
  "cellNumbers": {
    "0-0": 1,
    "0-1": 2,
    "0-3": 3,
    "0-5": 4,
    "0-8": 5,
    "0-10": 6,
    "1-0": 7,
    "1-3": 8,
    "1-4": 9,
    "1-8": 10,
    "1-9": 11,
    "2-1": 12,
    "2-2": 13,
    "2-6": 14,
    "2-7": 15,
    "2-9": 16,
    "3-0": 17,
    "3-4": 18,
    "3-5": 19,
    "3-7": 20,
    "3-8": 21,
    "4-5": 22,
    "4-10": 23,
    "5-0": 24,
    "5-1": 25,
    "5-3": 26,
    "5-7": 27,
    "6-0": 28,
    "6-2": 29,
    "6-6": 30,
    "7-2": 31,
    "7-4": 32,
    "7-6": 33,
    "7-9": 34,
    "8-1": 35,
    "8-4": 36,
    "8-5": 37,
    "8-8": 38,
    "9-0": 39,
    "9-3": 40,
    "9-7": 41,
    "9-10": 42,
    "10-2": 43,
    "10-7": 44
  }
}