{
  "rowLines": [
    0,
    0.0890909090909091,
    0.1781818181818182,
    0.2672727272727273,
    0.3563636363636364,
    0.44545454545454544,
    0.5345454545454545,
    0.6236363636363637,
    0.7127272727272728,
    0.8018181818181819,
    0.8909090909090909,
    0.98
  ],
  "colLines": [
    0,
    0.09090909090909091,
    0.18181818181818182,
    0.2727272727272727,
    0.36363636363636365,
    0.45454545454545453,
    0.5454545454545454,
    0.6363636363636364,
    0.7272727272727273,
    0.8181818181818182,
    0.9090909090909091,
    1
  ],
  "cellNumbers": {
    "0-0": 1,
    "0-1": 2,
    "0-3": 3,
    "0-5": 4,
    "0-7": 5,
    "0-9": 6,
    "0-10": 7,
    "1-1": 8,
    "1-5": 9,
    "1-9": 10,
    "2-0": 11,
    "2-3": 12,
    "2-4": 13,
    "2-7": 14,
    "2-8": 15,
    "3-2": 16,
    "3-6": 17,
    "3-8": 18,
    "3-9": 19,
    "4-0": 20,
    "4-1": 21,
    "4-3": 22,
    "4-5": 23,
    "4-7": 24,
    "4-9": 25,
    "4-10": 26,
    "5-3": 27,
    "5-7": 28,
    "6-0": 29,
    "6-2": 30,
    "6-5": 31,
    "6-6": 32,
    "7-4": 33,
    "7-8": 34,
    "8-1": 35,
    "8-6": 36,
    "8-7": 37,
    "8-10": 38,
    "9-0": 39,
    "9-3": 40,
    "9-5": 41,
    "9-7": 42,
    "9-9": 43,
    "10-1": 44,
    "10-5": 45,
    "10-8": 46
  }
}