{
  "rowLines": [
    0,
    0.1111111111111111,
    0.2222222222222222,
    0.3333333333333333,
    0.4444444444444444,
    0.5555555555555556,
    0.6666666666666666,
    0.7777777777777778,
    0.8888888888888888,
    1
  ],
  "colLines": [
    0,
    0.1111111111111111,
    0.2222222222222222,
    0.3333333333333333,
    0.4444444444444444,
    0.5555555555555556,
    0.6666666666666666,
    0.7777777777777778,
    0.8888888888888888,
    1
  ],
  "cellNumbers": {
    "0-0": 1,
    "0-2": 2,
    "0-4": 3,
    "0-6": 4,
    "0-8": 5,
    "1-1": 6,
    "1-6": 7,
    "1-7": 8,
    "2-0": 9,
    "2-3": 10,
    "2-5": 11,
    "2-7": 12,
    "2-8": 13,
    "3-2": 14,
    "3-5": 15,
    "3-6": 16,
    "4-0": 17,
    "4-4": 18,
    "4-6": 19,
    "5-2": 20,
    "5-3": 21,
    "5-5": 22,
    "6-0": 23,
    "6-1": 24,
    "6-3": 25,
    "6-4": 26,
    "6-7": 27,
    "7-1": 28,
    "7-2": 29,
    "7-6": 30,
    "8-0": 31,
    "8-2": 32,
    "8-8": 33
  }
}