{
  "rowLines": [
    0,
    0.1111111111111111,
    0.2222222222222222,
    0.3333333333333333,
    0.4444444444444444,
    0.5555555555555556,
    0.6666666666666666,
    0.7777777777777778,
    0.8888888888888888,
    1
  ],
  "colLines": [
    0,
    0.1111111111111111,
    0.2222222222222222,
    0.3333333333333333,
    0.4444444444444444,
    0.5555555555555556,
    0.6666666666666666,
    0.7777777777777778,
    0.8888888888888888,
    1
  ],
  "cellNumbers": {
    "0-2": 1,
    "0-5": 2,
    "0-6": 3,
    "1-1": 4,
    "1-4": 5,
    "1-6": 6,
    "1-7": 7,
    "2-0": 8,
    "2-3": 9,
    "2-5": 10,
    "2-7": 11,
    "2-8": 12,
    "3-2": 13,
    "3-5": 14,
    "3-6": 15,
    "4-1": 16,
    "4-6": 17,
    "5-0": 18,
    "5-2": 19,
    "5-3": 20,
    "5-5": 21,
    "5-8": 22,
    "6-0": 23,
    "6-1": 24,
    "6-3": 25,
    "6-4": 26,
    "6-7": 27,
    "7-1": 28,
    "7-2": 29,
    "7-6": 30,
    "8-2": 31,
    "8-5": 32
  }
}