{
  "rowLines": [
    0,
    0.10999999999999999,
    0.21999999999999997,
    0.32999999999999996,
    0.43999999999999995,
    0.55,
    0.6599999999999999,
    0.77,
    0.8799999999999999,
    0.99
  ],
  "colLines": [
    0,
    0.1111111111111111,
    0.2222222222222222,
    0.3333333333333333,
    0.4444444444444444,
    0.5555555555555556,
    0.6666666666666666,
    0.7777777777777778,
    0.8888888888888888,
    1
  ],
  "cellNumbers": {
    "0-0": 1,
    "0-1": 2,
    "0-3": 3,
    "0-4": 4,
    "0-6": 5,
    "0-8": 6,
    "1-3": 7,
    "1-6": 8,
    "2-0": 9,
    "2-2": 10,
    "2-4": 11,
    "2-5": 12,
    "3-2": 13,
    "3-3": 14,
    "3-7": 15,
    "3-8": 16,
    "4-0": 17,
    "4-1": 18,
    "4-5": 19,
    "4-6": 20,
    "5-0": 21,
    "5-3": 22,
    "5-4": 23,
    "6-2": 24,
    "6-6": 25,
    "6-7": 26,
    "7-0": 27,
    "7-4": 28,
    "7-5": 29,
    "8-4": 30,
    "8-7": 31
  }
}