{
  "rowLines": [
    0,
    0.10999999999999999,
    0.21999999999999997,
    0.32999999999999996,
    0.43999999999999995,
    0.55,
    0.6599999999999999,
    0.77,
    0.8799999999999999,
    0.99
  ],
  "colLines": [
    0.01,
    0.11888888888888888,
    0.22777777777777777,
    0.33666666666666667,
    0.44555555555555554,
    0.5544444444444445,
    0.6633333333333333,
    0.7722222222222223,
    0.8811111111111111,
    0.99
  ],
  "cellNumbers": {
    "0-2": 1,
    "0-4": 2,
    "0-6": 3,
    "1-1": 4,
    "1-3": 5,
    "1-6": 6,
    "1-7": 7,
    "2-0": 8,
    "2-5": 9,
    "3-2": 10,
    "3-5": 11,
    "4-0": 12,
    "4-4": 13,
    "4-8": 14,
    "5-1": 15,
    "5-3": 16,
    "5-5": 17,
    "6-0": 18,
    "6-7": 19,
    "7-1": 20,
    "7-5": 21,
    "8-4": 22
  }
}