{
  "rowLines": [
    0,
    0.10999999999999999,
    0.21999999999999997,
    0.32999999999999996,
    0.43999999999999995,
    0.55,
    0.6599999999999999,
    0.77,
    0.8799999999999999,
    0.99
  ],
  "colLines": [
    0.01,
    0.11888888888888888,
    0.22777777777777777,
    0.33666666666666667,
    0.44555555555555554,
    0.5544444444444445,
    0.6633333333333333,
    0.7722222222222223,
    0.8811111111111111,
    0.99
  ],
  "cellNumbers": {
    "0-2": 1,
    "0-3": 2,
    "0-5": 3,
    "0-6": 4,
    "0-7": 5,
    "1-0": 6,
    "1-1": 7,
    "1-4": 8,
    "1-6": 9,
    "2-0": 10,
    "2-3": 11,
    "2-5": 12,
    "2-7": 13,
    "2-8": 14,
    "3-2": 15,
    "3-5": 16,
    "3-6": 17,
    "4-1": 18,
    "4-4": 19,
    "4-6": 20,
    "5-0": 21,
    "5-3": 22,
    "5-5": 23,
    "5-8": 24,
    "6-0": 25,
    "6-3": 26,
    "6-4": 27,
    "6-7": 28,
    "7-1": 29,
    "7-2": 30,
    "7-4": 31,
    "7-6": 32,
    "8-1": 33,
    "8-5": 34
  }
}