{
  "rowLines": [
    0,
    0.10999999999999999,
    0.21999999999999997,
    0.32999999999999996,
    0.43999999999999995,
    0.55,
    0.6599999999999999,
    0.77,
    0.8799999999999999,
    0.99
  ],
  "colLines": [
    0,
    0.10999999999999999,
    0.21999999999999997,
    0.32999999999999996,
    0.43999999999999995,
    0.55,
    0.6599999999999999,
    0.77,
    0.8799999999999999,
    0.99
  ],
  "cellNumbers": {
    "0-0": 1,
    "0-3": 2,
    "0-5": 3,
    "0-8": 4,
    "2-2": 5,
    "2-4": 6,
    "2-6": 7,
    "3-0": 8,
    "3-3": 9,
    "3-5": 10,
    "3-7": 11,
    "4-2": 12,
    "4-5": 13,
    "5-0": 14,
    "5-3": 15,
    "5-4": 16,
    "5-7": 17,
    "6-2": 18,
    "6-6": 19,
    "7-3": 20,
    "7-5": 21,
    "8-0": 22
  }
}