{
  "rowLines": [
    0,
    0.10999999999999999,
    0.21999999999999997,
    0.32999999999999996,
    0.43999999999999995,
    0.55,
    0.6599999999999999,
    0.77,
    0.8799999999999999,
    0.99
  ],
  "colLines": [
    0,
    0.10999999999999999,
    0.21999999999999997,
    0.32999999999999996,
    0.43999999999999995,
    0.55,
    0.6599999999999999,
    0.77,
    0.8799999999999999,
    0.99
  ],
  "cellNumbers": {
    "0-0": 1,
    "0-2": 2,
    "0-4": 3,
    "0-6": 4,
    "0-8": 5,
    "2-0": 6,
    "2-3": 7,
    "2-5": 8,
    "2-7": 9,
    "3-2": 10,
    "3-5": 11,
    "3-6": 12,
    "4-0": 13,
    "4-4": 14,
    "4-6": 15,
    "4-8": 16,
    "5-2": 17,
    "5-3": 18,
    "5-5": 19,
    "6-0": 20,
    "6-3": 21,
    "6-4": 22,
    "6-7": 23,
    "7-2": 24,
    "7-6": 25,
    "8-0": 26,
    "8-6": 27
  }
}