{
  "rowLines": [
    0.01,
    0.11888888888888888,
    0.22777777777777777,
    0.33666666666666667,
    0.44555555555555554,
    0.5544444444444445,
    0.6633333333333333,
    0.7722222222222223,
    0.8811111111111111,
    0.99
  ],
  "colLines": [
    0,
    0.10999999999999999,
    0.21999999999999997,
    0.32999999999999996,
    0.43999999999999995,
    0.55,
    0.6599999999999999,
    0.77,
    0.8799999999999999,
    0.99
  ],
  "cellNumbers": {
    "0-0": 1,
    "0-2": 2,
    "0-5": 3,
    "0-6": 4,
    "0-8": 5,
    "1-4": 6,
    "2-0": 7,
    "2-3": 8,
    "2-7": 9,
    "3-2": 10,
    "3-6": 11,
    "4-1": 12,
    "5-0": 13,
    "5-8": 14,
    "6-0": 15,
    "6-3": 16,
    "6-7": 17,
    "7-2": 18,
    "7-6": 19,
    "8-0": 20,
    "8-5": 21
  }
}