{
  "rowLines": [
    0.01,
    0.11888888888888888,
    0.22777777777777777,
    0.33666666666666667,
    0.44555555555555554,
    0.5544444444444445,
    0.6633333333333333,
    0.7722222222222223,
    0.8811111111111111,
    0.99
  ],
  "colLines": [
    0,
    0.1111111111111111,
    0.2222222222222222,
    0.3333333333333333,
    0.4444444444444444,
    0.5555555555555556,
    0.6666666666666666,
    0.7777777777777778,
    0.8888888888888888,
    1
  ],
  "cellNumbers": {
    "0-1": 1,
    "0-3": 2,
    "0-5": 3,
    "0-7": 4,
    "1-0": 5,
    "1-2": 6,
    "1-5": 7,
    "1-6": 8,
    "2-1": 9,
    "2-4": 10,
    "2-6": 11,
    "3-0": 12,
    "3-3": 13,
    "3-5": 14,
    "3-7": 15,
    "3-8": 16,
    "4-2": 17,
    "4-5": 18,
    "5-0": 19,
    "5-1": 20,
    "5-3": 21,
    "5-4": 22,
    "5-7": 23,
    "6-1": 24,
    "6-2": 25,
    "6-6": 26,
    "7-0": 27,
    "7-3": 28,
    "7-5": 29,
    "8-3": 30
  }
}