{
  "rowLines": [
    0.01,
    0.11888888888888888,
    0.22777777777777777,
    0.33666666666666667,
    0.44555555555555554,
    0.5544444444444445,
    0.6633333333333333,
    0.7722222222222223,
    0.8811111111111111,
    0.99
  ],
  "colLines": [
    0,
    0.10999999999999999,
    0.21999999999999997,
    0.32999999999999996,
    0.43999999999999995,
    0.55,
    0.6599999999999999,
    0.77,
    0.8799999999999999,
    0.99
  ],
  "cellNumbers": {
    "0-0": 1,
    "0-2": 2,
    "0-5": 3,
    "0-6": 4,
    "0-8": 5,
    "1-2": 6,
    "1-3": 7,
    "1-5": 8,
    "2-0": 9,
    "2-1": 10,
    "2-3": 11,
    "2-4": 12,
    "2-7": 13,
    "3-0": 14,
    "3-2": 15,
    "3-6": 16,
    "4-2": 17,
    "5-1": 18,
    "5-6": 19,
    "5-7": 20,
    "5-8": 21,
    "6-0": 22,
    "6-3": 23,
    "6-5": 24,
    "6-7": 25,
    "7-2": 26,
    "7-5": 27,
    "7-6": 28,
    "8-0": 29,
    "8-6": 30
  }
}