{
  "rowLines": [
    0.01,
    0.11888888888888888,
    0.22777777777777777,
    0.33666666666666667,
    0.44555555555555554,
    0.5544444444444445,
    0.6633333333333333,
    0.7722222222222223,
    0.8811111111111111,
    0.99
  ],
  "colLines": [
    0,
    0.10999999999999999,
    0.21999999999999997,
    0.32999999999999996,
    0.43999999999999995,
    0.55,
    0.6599999999999999,
    0.77,
    0.8799999999999999,
    0.99
  ],
  "cellNumbers": {
    "0-0": 1,
    "0-3": 2,
    "0-4": 3,
    "0-6": 4,
    "1-2": 5,
    "1-6": 6,
    "2-0": 7,
    "2-1": 8,
    "2-4": 9,
    "2-5": 10,
    "2-8": 11,
    "3-0": 12,
    "3-3": 13,
    "3-7": 14,
    "4-2": 15,
    "5-0": 16,
    "5-7": 17,
    "6-2": 18,
    "6-4": 19,
    "6-6": 20,
    "7-1": 21,
    "8-2": 22,
    "8-7": 23
  }
}