{
  "rowLines": [
    0.01,
    0.11888888888888888,
    0.22777777777777777,
    0.33666666666666667,
    0.44555555555555554,
    0.5544444444444445,
    0.6633333333333333,
    0.7722222222222223,
    0.8811111111111111,
    0.99
  ],
  "colLines": [
    0.01,
    0.11999999999999998,
    0.22999999999999998,
    0.33999999999999997,
    0.44999999999999996,
    0.56,
    0.6699999999999999,
    0.78,
    0.8899999999999999,
    1
  ],
  "cellNumbers": {
    "0-0": 1,
    "0-2": 2,
    "0-4": 3,
    "0-6": 4,
    "0-8": 5,
    "1-2": 6,
    "1-3": 7,
    "1-5": 8,
    "2-0": 9,
    "2-1": 10,
    "2-3": 11,
    "2-7": 12,
    "3-1": 13,
    "3-2": 14,
    "3-5": 15,
    "3-6": 16,
    "4-0": 17,
    "4-4": 18,
    "4-8": 19,
    "5-1": 20,
    "5-3": 21,
    "5-5": 22,
    "5-7": 23,
    "6-0": 24,
    "6-3": 25,
    "6-7": 26,
    "6-8": 27,
    "7-2": 28,
    "7-5": 29,
    "7-6": 30,
    "8-0": 31,
    "8-4": 32,
    "8-6": 33
  }
}