{
  "rowLines": [
    0.01,
    0.11888888888888888,
    0.22777777777777777,
    0.33666666666666667,
    0.44555555555555554,
    0.5544444444444445,
    0.6633333333333333,
    0.7722222222222223,
    0.8811111111111111,
    0.99
  ],
  "colLines": [
    0.01,
    0.11888888888888888,
    0.22777777777777777,
    0.33666666666666667,
    0.44555555555555554,
    0.5544444444444445,
    0.6633333333333333,
    0.7722222222222223,
    0.8811111111111111,
    0.99
  ],
  "cellNumbers": {
    "0-0": 1,
    "0-2": 2,
    "0-6": 3,
    "0-8": 4,
    "1-5": 5,
    "2-0": 6,
    "2-1": 7,
    "2-3": 8,
    "2-7": 9,
    "3-0": 10,
    "3-2": 11,
    "3-5": 12,
    "3-6": 13,
    "4-4": 14,
    "5-0": 15,
    "5-1": 16,
    "5-3": 17,
    "5-5": 18,
    "5-7": 19,
    "6-0": 20,
    "6-3": 21,
    "6-7": 22,
    "7-2": 23,
    "7-6": 24,
    "8-0": 25,
    "8-4": 26
  }
}