{
  "rowLines": [
    0.01,
    0.11888888888888888,
    0.22777777777777777,
    0.33666666666666667,
    0.44555555555555554,
    0.5544444444444445,
    0.6633333333333333,
    0.7722222222222223,
    0.8811111111111111,
    0.99
  ],
  "colLines": [
    0.01,
    0.11888888888888888,
    0.22777777777777777,
    0.33666666666666667,
    0.44555555555555554,
    0.5544444444444445,
    0.6633333333333333,
    0.7722222222222223,
    0.8811111111111111,
    0.99
  ],
  "cellNumbers": {
    "0-0": 1,
    "0-2": 2,
    "0-3": 3,
    "0-5": 4,
    "0-6": 5,
    "0-8": 6,
    "1-2": 7,
    "1-5": 8,
    "2-0": 9,
    "2-1": 10,
    "2-3": 11,
    "2-7": 12,
    "3-1": 13,
    "3-2": 14,
    "3-5": 15,
    "3-6": 16,
    "4-0": 17,
    "4-4": 18,
    "5-2": 19,
    "5-3": 20,
    "5-5": 21,
    "5-7": 22,
    "6-0": 23,
    "6-3": 24,
    "6-7": 25,
    "6-8": 26,
    "7-2": 27,
    "7-5": 28,
    "7-6": 29,
    "8-0": 30
  }
}