{
  "rowLines": [
    0.01,
    0.11888888888888888,
    0.22777777777777777,
    0.33666666666666667,
    0.44555555555555554,
    0.5544444444444445,
    0.6633333333333333,
    0.7722222222222223,
    0.8811111111111111,
    0.99
  ],
  "colLines": [
    0.01,
    0.11888888888888888,
    0.22777777777777777,
    0.33666666666666667,
    0.44555555555555554,
    0.5544444444444445,
    0.6633333333333333,
    0.7722222222222223,
    0.8811111111111111,
    0.99
  ],
  "cellNumbers": {
    "0-1": 1,
    "0-2": 2,
    "0-4": 3,
    "0-5": 4,
    "0-7": 5,
    "0-8": 6,
    "1-0": 7,
    "1-2": 8,
    "1-3": 9,
    "1-5": 10,
    "1-6": 11,
    "2-0": 12,
    "2-1": 13,
    "2-3": 14,
    "2-4": 15,
    "2-6": 16,
    "2-7": 17,
    "3-0": 18,
    "3-2": 19,
    "3-4": 20,
    "3-5": 21,
    "3-7": 22,
    "4-2": 23,
    "4-3": 24,
    "4-6": 25,
    "5-0": 26,
    "5-1": 27,
    "5-3": 28,
    "5-7": 30,
    "6-0": 31,
    "6-2": 32,
    "6-4": 33,
    "6-5": 34,
    "6-7": 35,
    "7-2": 36,
    "7-3": 37,
    "7-5": 38,
    "7-6": 39,
    "8-0": 40,
    "8-3": 41,
    "8-6": 42,
    "5-6": 29
  }
}