{
  "rowLines": [
    0.01,
    0.11888888888888888,
    0.22777777777777777,
    0.33666666666666667,
    0.44555555555555554,
    0.5544444444444445,
    0.6633333333333333,
    0.7722222222222223,
    0.8811111111111111,
    0.99
  ],
  "colLines": [
    0.01,
    0.11888888888888888,
    0.22777777777777777,
    0.33666666666666667,
    0.44555555555555554,
    0.5544444444444445,
    0.6633333333333333,
    0.7722222222222223,
    0.8811111111111111,
    0.99
  ],
  "cellNumbers": {
    "0-0": 1,
    "0-2": 2,
    "0-3": 3,
    "0-5": 4,
    "0-6": 5,
    "1-2": 6,
    "1-5": 7,
    "1-8": 8,
    "2-1": 9,
    "2-4": 10,
    "2-7": 11,
    "3-0": 12,
    "3-3": 13,
    "3-6": 14,
    "4-2": 15,
    "4-5": 16,
    "4-8": 17,
    "5-1": 18,
    "5-4": 19,
    "5-7": 20,
    "6-0": 21,
    "6-3": 22,
    "6-6": 23,
    "7-2": 24,
    "7-5": 25,
    "7-8": 26,
    "8-1": 27
  }
}