{
  "rowLines": [
    0.01,
    0.11888888888888888,
    0.22777777777777777,
    0.33666666666666667,
    0.44555555555555554,
    0.5544444444444445,
    0.6633333333333333,
    0.7722222222222223,
    0.8811111111111111,
    0.99
  ],
  "colLines": [
    0.01,
    0.11888888888888888,
    0.22777777777777777,
    0.33666666666666667,
    0.44555555555555554,
    0.5544444444444445,
    0.6633333333333333,
    0.7722222222222223,
    0.8811111111111111,
    0.99
  ],
  "cellNumbers": {
    "0-0": 1,
    "0-1": 2,
    "0-3": 3,
    "0-5": 4,
    "0-6": 5,
    "0-7": 6,
    "0-8": 7,
    "1-0": 8,
    "1-3": 9,
    "1-4": 10,
    "1-6": 11,
    "2-0": 12,
    "2-3": 13,
    "3-6": 14,
    "3-7": 15,
    "4-1": 16,
    "4-2": 17,
    "4-5": 18,
    "5-0": 19,
    "5-4": 20,
    "5-8": 21,
    "6-4": 22,
    "6-5": 23,
    "6-7": 24,
    "7-0": 25,
    "7-1": 26,
    "7-2": 27,
    "7-4": 28,
    "7-7": 29,
    "8-0": 30
  }
}