{
  "rowLines": [
    0,
    0.10999999999999999,
    0.21999999999999997,
    0.32999999999999996,
    0.43999999999999995,
    0.55,
    0.6599999999999999,
    0.77,
    0.8799999999999999,
    0.99
  ],
  "colLines": [
    0,
    0.10999999999999999,
    0.21999999999999997,
    0.32999999999999996,
    0.43999999999999995,
    0.55,
    0.6599999999999999,
    0.77,
    0.8799999999999999,
    0.99
  ],
  "cellNumbers": {
    "0-1": 1,
    "0-2": 2,
    "0-3": 3,
    "0-5": 4,
    "0-6": 5,
    "1-0": 6,
    "1-2": 7,
    "1-8": 8,
    "2-0": 9,
    "2-1": 10,
    "2-7": 11,
    "3-0": 12,
    "3-4": 13,
    "3-6": 14,
    "4-3": 15,
    "5-0": 16,
    "5-6": 17,
    "5-8": 18,
    "6-0": 19,
    "6-3": 20,
    "6-5": 21,
    "6-7": 22,
    "7-2": 23,
    "7-6": 24,
    "8-1": 25,
    "8-5": 26
  }
}