{
  "rowLines": [
    0.01,
    0.11888888888888888,
    0.22777777777777777,
    0.33666666666666667,
    0.44555555555555554,
    0.5544444444444445,
    0.6633333333333333,
    0.7722222222222223,
    0.8811111111111111,
    0.99
  ],
  "colLines": [
    0.01,
    0.11888888888888888,
    0.22777777777777777,
    0.33666666666666667,
    0.44555555555555554,
    0.5544444444444445,
    0.6633333333333333,
    0.7722222222222223,
    0.8811111111111111,
    0.99
  ],
  "cellNumbers": {
    "0-0": 1,
    "0-2": 2,
    "0-5": 3,
    "0-6": 4,
    "0-8": 5,
    "1-4": 6,
    "2-0": 7,
    "2-3": 8,
    "2-5": 9,
    "2-7": 10,
    "3-2": 11,
    "3-5": 12,
    "3-6": 13,
    "4-1": 14,
    "4-6": 15,
    "5-0": 16,
    "5-2": 17,
    "5-3": 18,
    "5-5": 19,
    "5-8": 20,
    "6-0": 21,
    "6-3": 22,
    "6-4": 23,
    "6-7": 24,
    "7-2": 25,
    "7-6": 26,
    "8-0": 27,
    "8-5": 28
  }
}