{
  "rowLines": [
    0,
    0.10999999999999999,
    0.21999999999999997,
    0.32999999999999996,
    0.43999999999999995,
    0.55,
    0.6599999999999999,
    0.77,
    0.8799999999999999,
    0.99
  ],
  "colLines": [
    0.01,
    0.11999999999999998,
    0.22999999999999998,
    0.33999999999999997,
    0.44999999999999996,
    0.56,
    0.6699999999999999,
    0.78,
    0.8899999999999999,
    1
  ],
  "cellNumbers": {
    "0-0": 1,
    "0-2": 2,
    "0-3": 3,
    "0-5": 4,
    "0-6": 5,
    "0-8": 6,
    "1-2": 7,
    "2-0": 8,
    "2-1": 9,
    "2-7": 10,
    "3-0": 11,
    "3-4": 12,
    "3-6": 13,
    "4-3": 14,
    "5-0": 15,
    "5-6": 16,
    "5-8": 17,
    "6-0": 18,
    "6-3": 19,
    "6-5": 20,
    "6-7": 21,
    "7-2": 22,
    "7-6": 23,
    "8-0": 24,
    "8-5": 25
  }
}