{
  "rowLines": [
    0.01,
    0.11888888888888888,
    0.22777777777777777,
    0.33666666666666667,
    0.44555555555555554,
    0.5544444444444445,
    0.6633333333333333,
    0.7722222222222223,
    0.8811111111111111,
    0.99
  ],
  "colLines": [
    0,
    0.1111111111111111,
    0.2222222222222222,
    0.3333333333333333,
    0.4444444444444444,
    0.5555555555555556,
    0.6666666666666666,
    0.7777777777777778,
    0.8888888888888888,
    1
  ],
  "cellNumbers": {
    "0-0": 1,
    "0-2": 2,
    "0-3": 3,
    "0-5": 4,
    "0-6": 5,
    "0-8": 6,
    "1-2": 7,
    "2-0": 8,
    "2-1": 9,
    "2-7": 10,
    "3-0": 11,
    "3-4": 12,
    "3-6": 13,
    "4-3": 14,
    "5-0": 15,
    "5-6": 16,
    "5-8": 17,
    "6-0": 18,
    "6-3": 19,
    "6-5": 20,
    "6-7": 21,
    "7-2": 22,
    "7-6": 23,
    "8-0": 24,
    "8-5": 25
  }
}