{
  "rowLines": [
    0.01,
    0.11888888888888888,
    0.22777777777777777,
    0.33666666666666667,
    0.44555555555555554,
    0.5544444444444445,
    0.6633333333333333,
    0.7722222222222223,
    0.8811111111111111,
    0.99
  ],
  "colLines": [
    0.01,
    0.11888888888888888,
    0.22777777777777777,
    0.33666666666666667,
    0.44555555555555554,
    0.5544444444444445,
    0.6633333333333333,
    0.7722222222222223,
    0.8811111111111111,
    0.99
  ],
  "cellNumbers": {
    "0-1": 1,
    "0-2": 2,
    "0-6": 3,
    "0-7": 4,
    "1-0": 5,
    "1-3": 6,
    "1-5": 7,
    "1-8": 8,
    "2-0": 9,
    "2-3": 10,
    "2-4": 11,
    "2-7": 12,
    "3-1": 14,
    "3-6": 15,
    "4-2": 16,
    "4-5": 17,
    "5-1": 18,
    "5-4": 19,
    "5-6": 20,
    "5-7": 21,
    "6-0": 22,
    "6-3": 23,
    "6-5": 24,
    "6-7": 25,
    "6-8": 26,
    "7-0": 27,
    "7-2": 28,
    "7-5": 29,
    "7-6": 30,
    "8-1": 31,
    "8-6": 32
  }
}