{
  "rowLines": [
    0.01,
    0.11888888888888888,
    0.22777777777777777,
    0.33666666666666667,
    0.44555555555555554,
    0.5544444444444445,
    0.6633333333333333,
    0.7722222222222223,
    0.8811111111111111,
    0.99
  ],
  "colLines": [
    0.01,
    0.11888888888888888,
    0.22777777777777777,
    0.33666666666666667,
    0.44555555555555554,
    0.5544444444444445,
    0.6633333333333333,
    0.7722222222222223,
    0.8811111111111111,
    0.99
  ],
  "cellNumbers": {
    "0-2": 1,
    "0-3": 2,
    "0-5": 3,
    "0-6": 4,
    "1-1": 5,
    "1-5": 6,
    "1-7": 7,
    "2-0": 8,
    "2-3": 9,
    "2-4": 10,
    "2-7": 11,
    "2-8": 12,
    "3-0": 13,
    "3-2": 14,
    "3-6": 15,
    "4-2": 16,
    "5-0": 17,
    "5-1": 18,
    "5-6": 19,
    "5-7": 20,
    "5-8": 21,
    "6-0": 22,
    "6-3": 23,
    "6-5": 24,
    "6-7": 25,
    "7-1": 26,
    "7-2": 27,
    "7-5": 28,
    "7-6": 29,
    "8-2": 30,
    "8-5": 31
  }
}