{
  "rowLines": [
    0.01,
    0.11888888888888888,
    0.22777777777777777,
    0.33666666666666667,
    0.44555555555555554,
    0.5544444444444445,
    0.6633333333333333,
    0.7722222222222223,
    0.8811111111111111,
    0.99
  ],
  "colLines": [
    0,
    0.10999999999999999,
    0.21999999999999997,
    0.32999999999999996,
    0.43999999999999995,
    0.55,
    0.6599999999999999,
    0.77,
    0.8799999999999999,
    0.99
  ],
  "cellNumbers": {
    "0-0": 1,
    "0-2": 2,
    "0-6": 3,
    "0-8": 4,
    "1-2": 5,
    "1-3": 6,
    "1-5": 7,
    "2-0": 8,
    "2-1": 9,
    "2-3": 10,
    "2-7": 11,
    "3-1": 12,
    "3-2": 13,
    "3-5": 14,
    "3-6": 15,
    "5-1": 16,
    "5-3": 17,
    "5-5": 18,
    "5-7": 19,
    "6-0": 20,
    "6-3": 21,
    "6-7": 22,
    "6-8": 23,
    "7-2": 24,
    "7-5": 25,
    "7-6": 26,
    "8-0": 27,
    "8-6": 28
  }
}