{
  "rowLines": [
    0.0021929824561403508,
    0.08475471100611995,
    0.16731643955609954,
    0.24987816810607913,
    0.3324398966560587,
    0.41500162520603834,
    0.4975633537560179,
    0.5801250823059975,
    0.662686810855977,
    0.7452485394059566,
    0.8278102679559363,
    0.9103719965059157,
    0.9929337250558954
  ],
  "colLines": [
    0.006111094156901042,
    0.08861109415690104,
    0.171111094156901,
    0.25361109415690103,
    0.336111094156901,
    0.41861109415690106,
    0.501111094156901,
    0.583611094156901,
    0.666111094156901,
    0.748611094156901,
    0.8311110941569011,
    0.913611094156901,
    0.996111094156901
  ],
  "cellNumbers": {
    "0-0": 1,
    "0-2": 2,
    "0-4": 3,
    "0-6": 4,
    "0-8": 5,
    "0-10": 6,
    "1-2": 7,
    "1-3": 8,
    "1-10": 9,
    "1-11": 10,
    "2-0": 11,
    "2-3": 12,
    "2-6": 13,
    "2-7": 14,
    "2-9": 15,
    "3-2": 16,
    "3-5": 17,
    "3-7": 18,
    "4-1": 19,
    "4-4": 20,
    "4-6": 21,
    "4-11": 22,
    "5-0": 23,
    "5-2": 24,
    "5-3": 25,
    "5-5": 26,
    "5-8": 27,
    "5-10": 28,
    "6-0": 29,
    "6-5": 30,
    "6-7": 31,
    "6-9": 32,
    "7-2": 33,
    "7-4": 34,
    "7-7": 35,
    "8-1": 36,
    "8-5": 37,
    "8-6": 38,
    "8-11": 39,
    "9-0": 40,
    "9-4": 41,
    "9-8": 42,
    "9-10": 43,
    "10-3": 44,
    "10-5": 45,
    "10-10": 46,
    "11-0": 47,
    "11-8": 48
  }
}