{
  "rowLines": [
    0.0021929824561403508,
    0.08475471100611995,
    0.16731643955609954,
    0.24987816810607913,
    0.3324398966560587,
    0.41500162520603834,
    0.4975633537560179,
    0.5801250823059975,
    0.662686810855977,
    0.7452485394059566,
    0.8278102679559363,
    0.9103719965059157,
    0.9929337250558954
  ],
  "colLines": [
    0.006111094156901042,
    0.08861109415690104,
    0.171111094156901,
    0.25361109415690103,
    0.336111094156901,
    0.41861109415690106,
    0.501111094156901,
    0.583611094156901,
    0.666111094156901,
    0.748611094156901,
    0.8311110941569011,
    0.913611094156901,
    0.996111094156901
  ],
  "cellNumbers": {
    "0-0": 1,
    "0-2": 2,
    "0-5": 3,
    "0-6": 4,
    "0-8": 5,
    "0-9": 6,
    "0-11": 7,
    "1-4": 8,
    "1-7": 9,
    "2-0": 10,
    "2-3": 11,
    "2-7": 12,
    "2-10": 13,
    "3-2": 14,
    "3-4": 15,
    "3-9": 16,
    "4-1": 17,
    "4-3": 18,
    "4-8": 19,
    "4-10": 20,
    "5-0": 21,
    "5-5": 22,
    "5-6": 23,
    "5-10": 24,
    "6-0": 25,
    "6-5": 26,
    "6-10": 27,
    "7-1": 28,
    "7-2": 29,
    "7-8": 30,
    "7-9": 31,
    "8-0": 32,
    "8-4": 33,
    "8-7": 34,
    "8-11": 35,
    "9-0": 36,
    "9-3": 37,
    "9-7": 38,
    "9-10": 39,
    "10-2": 40,
    "10-4": 41,
    "10-5": 42,
    "10-6": 43,
    "10-9": 44,
    "11-0": 45,
    "11-5": 46,
    "11-8": 47
  }
}