{
  "rowLines": [
    0.007380937848772321,
    0.08964672274392062,
    0.17191250763906893,
    0.2541782925342172,
    0.3364440774293655,
    0.4187098623245138,
    0.5009756472196621,
    0.5832414321148105,
    0.6655072170099587,
    0.747773001905107,
    0.8300387868002553,
    0.9123045716954036,
    0.9945703565905519
  ],
  "colLines": [
    0.009444427490234376,
    0.09194442749023436,
    0.17444442749023437,
    0.2569444274902344,
    0.33944442749023435,
    0.4219444274902344,
    0.5044444274902343,
    0.5869444274902343,
    0.6694444274902343,
    0.7519444274902343,
    0.8344444274902344,
    0.9169444274902343,
    0.9994444274902343
  ],
  "cellNumbers": {
    "0-0": 1,
    "0-2": 2,
    "0-4": 3,
    "0-6": 4,
    "0-9": 5,
    "0-10": 6,
    "1-2": 7,
    "1-3": 8,
    "1-8": 9,
    "2-0": 10,
    "2-5": 11,
    "2-9": 12,
    "2-11": 13,
    "3-2": 14,
    "3-4": 15,
    "3-8": 16,
    "4-1": 17,
    "4-3": 18,
    "4-7": 19,
    "4-10": 20,
    "5-0": 21,
    "5-3": 22,
    "5-6": 23,
    "5-9": 24,
    "6-2": 25,
    "6-5": 26,
    "6-8": 27,
    "6-11": 28,
    "7-0": 29,
    "7-1": 30,
    "7-4": 31,
    "7-7": 32,
    "8-1": 33,
    "8-3": 34,
    "8-5": 35,
    "8-6": 36,
    "8-8": 37,
    "8-10": 38,
    "9-0": 39,
    "9-2": 40,
    "9-6": 41,
    "9-7": 42,
    "10-0": 43,
    "10-1": 44,
    "10-5": 45,
    "10-9": 46,
    "10-11": 47,
    "11-0": 48,
    "11-4": 49,
    "11-7": 50
  }
}