{
  "rowLines": [
    0.010775862068965518,
    0.09263250334509487,
    0.17448914462122422,
    0.2563457858973536,
    0.3382024271734829,
    0.4200590684496123,
    0.5019157097257416,
    0.5837723510018711,
    0.6656289922780003,
    0.7474856335541298,
    0.8293422748302591,
    0.9111989161063885,
    0.9930555573825178
  ],
  "colLines": [
    0.002777760823567708,
    0.08638887193467881,
    0.16999998304578992,
    0.2536110941569011,
    0.33722220526801217,
    0.42083331637912336,
    0.5044444274902344,
    0.5880555386013456,
    0.6716666497124566,
    0.7552777608235678,
    0.838888871934679,
    0.92249998304579,
    1.0061110941569011
  ],
  "cellNumbers": {
    "0-0": 1,
    "0-3": 2,
    "0-4": 3,
    "0-6": 4,
    "0-9": 5,
    "0-11": 6,
    "1-2": 7,
    "1-8": 8,
    "1-10": 9,
    "2-0": 10,
    "2-1": 11,
    "2-3": 12,
    "2-5": 13,
    "2-7": 14,
    "2-9": 15,
    "2-11": 16,
    "3-3": 17,
    "3-4": 18,
    "3-7": 19,
    "3-8": 20,
    "4-0": 21,
    "4-2": 22,
    "4-4": 23,
    "4-6": 24,
    "4-10": 25,
    "5-2": 26,
    "5-3": 27,
    "5-6": 28,
    "5-9": 29,
    "6-0": 30,
    "6-1": 31,
    "6-5": 32,
    "6-8": 33,
    "6-11": 34,
    "7-1": 35,
    "7-4": 36,
    "7-6": 37,
    "7-7": 38,
    "7-9": 39,
    "7-10": 40,
    "8-0": 41,
    "8-3": 42,
    "8-7": 43,
    "9-2": 44,
    "9-6": 45,
    "9-9": 46,
    "10-0": 47,
    "10-1": 48,
    "10-5": 49,
    "10-8": 50,
    "11-3": 51,
    "11-8": 52,
    "11-11": 53
  }
}