{
  "rowLines": [
    0.007060333761232349,
    0.08957352840242397,
    0.1720867230436156,
    0.2545999176848072,
    0.33711311232599883,
    0.4196263069671905,
    0.5021395016083822,
    0.5846526962495738,
    0.6671658908907654,
    0.7496790855319571,
    0.8321922801731487,
    0.9147054748143403,
    0.997218669455532
  ],
  "colLines": [
    0.01611109415690104,
    0.10486109415690104,
    0.19361109415690103,
    0.282361094156901,
    0.371111094156901,
    0.459861094156901,
    0.548611094156901,
    0.637361094156901,
    0.726111094156901,
    0.814861094156901,
    0.903611094156901,
    0.992361094156901,
    1.0811110941569009
  ],
  "cellNumbers": {
    "0-0": 1,
    "0-1": 2,
    "0-4": 3,
    "0-5": 4,
    "0-8": 5,
    "0-9": 6,
    "1-3": 7,
    "1-7": 8,
    "2-0": 9,
    "2-2": 10,
    "2-6": 11,
    "2-10": 12,
    "3-0": 13,
    "3-5": 14,
    "3-9": 15,
    "4-2": 16,
    "4-4": 17,
    "4-8": 18,
    "5-1": 19,
    "5-3": 20,
    "5-7": 21,
    "5-9": 22,
    "6-1": 23,
    "6-7": 24,
    "7-0": 25,
    "7-4": 26,
    "7-10": 27,
    "8-0": 28,
    "8-3": 29,
    "8-7": 30,
    "8-9": 31,
    "9-2": 32,
    "9-6": 33,
    "10-1": 34,
    "10-5": 35,
    "10-9": 36,
    "11-0": 37,
    "11-4": 38,
    "11-8": 39
  }
}