{
  "rowLines": [
    0.0051094890510948905,
    0.08746958637469586,
    0.16982968369829685,
    0.2521897810218978,
    0.33454987834549876,
    0.41690997566909976,
    0.4992700729927007,
    0.5816301703163017,
    0.6639902676399027,
    0.7463503649635036,
    0.8287104622871047,
    0.9110705596107055,
    0.9934306569343065
  ],
  "colLines": [
    0.006111094156901042,
    0.08874998304578993,
    0.1713888719346788,
    0.2540277608235677,
    0.3366666497124566,
    0.4193055386013455,
    0.5019444274902344,
    0.5845833163791233,
    0.6672222052680121,
    0.749861094156901,
    0.83249998304579,
    0.9151388719346788,
    0.9977777608235677
  ],
  "cellNumbers": {
    "0-0": 1,
    "0-2": 2,
    "0-3": 3,
    "0-6": 4,
    "0-8": 5,
    "0-9": 6,
    "1-2": 7,
    "1-5": 8,
    "1-8": 9,
    "1-11": 10,
    "2-0": 10,
    "2-4": 12,
    "2-7": 12,
    "2-10": 13,
    "3-2": 14,
    "3-6": 16,
    "3-9": 16,
    "4-1": 17,
    "4-4": 19,
    "4-5": 20,
    "4-7": 21,
    "4-8": 19,
    "4-10": 20,
    "5-0": 21,
    "5-3": 25,
    "5-5": 22,
    "5-10": 24,
    "6-1": 28,
    "6-4": 29,
    "6-7": 30,
    "6-9": 31,
    "7-0": 32,
    "7-4": 33,
    "7-6": 34,
    "7-8": 31,
    "7-10": 36,
    "7-11": 37,
    "8-2": 38,
    "8-6": 39,
    "8-7": 35,
    "8-9": 41,
    "9-0": 37,
    "9-1": 43,
    "9-4": 44,
    "9-5": 45,
    "9-9": 46,
    "9-10": 40,
    "10-3": 48,
    "10-5": 43,
    "10-8": 50,
    "10-10": 51,
    "11-0": 46,
    "11-7": 53,
    "11-9": 54,
    "0-5": 3,
    "0-11": 7,
    "1-4": 8,
    "1-7": 9,
    "2-3": 11,
    "3-4": 15,
    "4-3": 18,
    "5-6": 23,
    "5-11": 25,
    "6-0": 26,
    "6-5": 27,
    "6-10": 28,
    "7-1": 29,
    "7-2": 30,
    "7-9": 32,
    "8-0": 33,
    "8-4": 34,
    "8-11": 36,
    "9-3": 38,
    "9-7": 39,
    "10-2": 41,
    "10-4": 42,
    "10-6": 44,
    "10-9": 45,
    "11-5": 47,
    "11-8": 48
  }
}