{
  "rowLines": [
    0.0051094890510948905,
    0.08746958637469586,
    0.16982968369829685,
    0.2521897810218978,
    0.33454987834549876,
    0.41690997566909976,
    0.4992700729927007,
    0.5816301703163017,
    0.6639902676399027,
    0.7463503649635036,
    0.8287104622871047,
    0.9110705596107055,
    0.9934306569343065
  ],
  "colLines": [
    0.012777760823567708,
    0.09407405853271483,
    0.17537035624186195,
    0.25666665395100907,
    0.33796295166015616,
    0.41925924936930337,
    0.5005555470784505,
    0.5818518447875977,
    0.6631481424967447,
    0.7444444402058918,
    0.8257407379150391,
    0.9070370356241861,
    0.9883333333333333
  ],
  "cellNumbers": {
    "0-0": 1,
    "0-2": 2,
    "0-4": 3,
    "0-7": 4,
    "0-9": 5,
    "0-11": 6,
    "1-2": 7,
    "1-3": 8,
    "1-7": 9,
    "1-8": 10,
    "2-0": 11,
    "2-1": 12,
    "2-5": 13,
    "2-6": 14,
    "2-10": 15,
    "3-1": 16,
    "3-4": 17,
    "3-9": 18,
    "4-0": 19,
    "4-3": 20,
    "4-5": 21,
    "4-8": 22,
    "4-10": 23,
    "4-11": 24,
    "5-2": 25,
    "5-4": 26,
    "5-7": 27,
    "5-9": 28,
    "6-2": 29,
    "6-7": 30,
    "7-0": 31,
    "7-1": 32,
    "7-5": 33,
    "7-6": 34,
    "7-10": 35,
    "8-1": 36,
    "8-4": 37,
    "8-9": 38,
    "9-0": 39,
    "9-3": 40,
    "9-5": 41,
    "9-8": 42,
    "9-10": 43,
    "9-11": 44,
    "10-2": 45,
    "10-4": 46,
    "10-7": 47,
    "10-8": 48,
    "11-0": 49,
    "11-4": 50,
    "11-9": 51
  }
}