{
  "rowLines": [
    0,
    0.08333333333333333,
    0.16666666666666666,
    0.25,
    0.3333333333333333,
    0.4166666666666667,
    0.5,
    0.5833333333333334,
    0.6666666666666666,
    0.75,
    0.8333333333333334,
    0.9166666666666666,
    1
  ],
  "colLines": [
    0,
    0.08333333333333333,
    0.16666666666666666,
    0.25,
    0.3333333333333333,
    0.4166666666666667,
    0.5,
    0.5833333333333334,
    0.6666666666666666,
    0.75,
    0.8333333333333334,
    0.9166666666666666,
    1
  ],
  "cellNumbers": {
    "0-0": 1,
    "7-9": 34,
    "8-0": 35,
    "0-2": 2,
    "0-5": 3,
    "0-8": 4,
    "0-9": 5,
    "0-11": 6,
    "1-4": 7,
    "1-7": 8,
    "1-9": 9,
    "2-0": 10,
    "2-1": 11,
    "2-3": 12,
    "2-6": 13,
    "2-8": 14,
    "3-1": 15,
    "3-2": 16,
    "3-5": 17,
    "3-10": 18,
    "4-0": 19,
    "4-4": 20,
    "4-7": 21,
    "4-9": 22,
    "4-11": 23,
    "5-1": 24,
    "5-3": 25,
    "5-6": 26,
    "5-8": 27,
    "6-0": 28,
    "6-5": 29,
    "6-7": 30,
    "6-10": 31,
    "7-2": 32,
    "7-4": 33,
    "8-5": 36,
    "8-6": 37,
    "8-8": 38,
    "9-4": 39,
    "9-7": 40,
    "9-10": 41,
    "10-1": 42,
    "10-3": 43,
    "10-6": 44,
    "10-9": 45,
    "10-11": 46,
    "11-0": 47,
    "11-5": 48,
    "11-7": 49
  }
}