{
  "rowLines": [
    0.0051094890510948905,
    0.08746958637469586,
    0.16982968369829685,
    0.2521897810218978,
    0.33454987834549876,
    0.41690997566909976,
    0.4992700729927007,
    0.5816301703163017,
    0.6639902676399027,
    0.7463503649635036,
    0.8287104622871047,
    0.9110705596107055,
    0.9934306569343065
  ],
  "colLines": [
    0.012777760823567708,
    0.09486109415690104,
    0.17694442749023437,
    0.2590277608235677,
    0.341111094156901,
    0.42319442749023434,
    0.5052777608235677,
    0.5873610941569011,
    0.6694444274902344,
    0.7515277608235678,
    0.833611094156901,
    0.9156944274902343,
    0.9977777608235677
  ],
  "cellNumbers": {
    "0-0": 1,
    "0-2": 2,
    "0-3": 3,
    "0-6": 4,
    "0-8": 5,
    "0-9": 6,
    "1-2": 7,
    "1-5": 8,
    "1-8": 9,
    "1-11": 10,
    "2-0": 11,
    "2-4": 12,
    "2-7": 13,
    "2-10": 14,
    "3-2": 15,
    "3-6": 16,
    "3-9": 17,
    "4-1": 18,
    "4-4": 19,
    "4-5": 20,
    "4-7": 21,
    "4-8": 22,
    "4-10": 23,
    "5-0": 24,
    "5-3": 25,
    "5-5": 26,
    "5-10": 27,
    "6-1": 28,
    "6-4": 29,
    "6-7": 30,
    "6-9": 31,
    "7-0": 32,
    "7-4": 33,
    "7-6": 34,
    "7-8": 35,
    "7-10": 36,
    "7-11": 37,
    "8-2": 38,
    "8-6": 39,
    "8-7": 40,
    "8-9": 41,
    "9-0": 42,
    "9-1": 43,
    "9-4": 44,
    "9-5": 45,
    "9-9": 46,
    "9-10": 47,
    "10-3": 48,
    "10-5": 49,
    "10-8": 50,
    "10-10": 51,
    "11-0": 52,
    "11-7": 53,
    "11-9": 54
  }
}