{
  "rowLines": [
    0.012142857142857143,
    0.09496031806582494,
    0.17777777898879277,
    0.2605952399117606,
    0.34341270083472836,
    0.4262301617576962,
    0.5090476226806641,
    0.5918650836036319,
    0.6746825445265996,
    0.7575000054495674,
    0.8403174663725352,
    0.9231349272955031,
    1.0059523882184709
  ],
  "colLines": [
    0.012777760823567708,
    0.09486109415690104,
    0.17694442749023437,
    0.2590277608235677,
    0.341111094156901,
    0.42319442749023434,
    0.5052777608235677,
    0.5873610941569011,
    0.6694444274902344,
    0.7515277608235678,
    0.833611094156901,
    0.9156944274902343,
    0.9977777608235677
  ],
  "cellNumbers": {
    "0-0": 1,
    "0-2": 2,
    "0-4": 3,
    "0-6": 4,
    "0-9": 5,
    "0-10": 5,
    "1-2": 7,
    "1-3": 8,
    "1-8": 10,
    "2-0": 11,
    "2-5": 13,
    "2-9": 12,
    "2-11": 13,
    "3-2": 14,
    "3-4": 17,
    "3-8": 16,
    "4-1": 17,
    "4-3": 20,
    "4-7": 19,
    "4-10": 23,
    "5-0": 21,
    "5-3": 22,
    "5-6": 23,
    "5-9": 28,
    "6-2": 29,
    "6-5": 26,
    "6-8": 28,
    "6-11": 29,
    "7-0": 31,
    "7-1": 32,
    "7-4": 31,
    "7-7": 32,
    "8-1": 36,
    "8-3": 34,
    "8-5": 36,
    "8-6": 36,
    "8-8": 37,
    "8-10": 38,
    "9-0": 39,
    "9-2": 40,
    "9-6": 41,
    "9-7": 42,
    "10-0": 44,
    "10-1": 44,
    "10-5": 45,
    "10-9": 48,
    "10-11": 47,
    "11-0": 49,
    "11-4": 50,
    "11-7": 49,
    "0-3": 2,
    "0-5": 3,
    "0-7": 4,
    "0-11": 6,
    "1-9": 8,
    "2-1": 12,
    "2-8": 12,
    "3-1": 16,
    "3-7": 15,
    "3-11": 16,
    "4-0": 19,
    "4-6": 19,
    "5-1": 21,
    "5-2": 25,
    "5-5": 23,
    "6-0": 25,
    "6-4": 26,
    "6-6": 27,
    "7-6": 34,
    "7-10": 35,
    "8-0": 34,
    "8-4": 37,
    "8-9": 38,
    "9-1": 38,
    "9-3": 40,
    "9-5": 41,
    "9-8": 42,
    "9-11": 44,
    "10-3": 45,
    "10-7": 47,
    "11-2": 48,
    "1-7": 9,
    "2-6": 14,
    "2-10": 15,
    "3-9": 18,
    "4-5": 21,
    "4-8": 22,
    "4-11": 24,
    "5-4": 26,
    "5-7": 27,
    "6-7": 30,
    "7-5": 33,
    "9-10": 43,
    "10-2": 45,
    "10-4": 46,
    "11-9": 51
  }
}