{
  "rowLines": [
    0,
    0.08333333333333333,
    0.16666666666666666,
    0.25,
    0.3333333333333333,
    0.4166666666666667,
    0.5,
    0.5833333333333334,
    0.6666666666666666,
    0.75,
    0.8333333333333334,
    0.9166666666666666,
    1
  ],
  "colLines": [
    0,
    0.08333333333333333,
    0.16666666666666666,
    0.25,
    0.3333333333333333,
    0.4166666666666667,
    0.5,
    0.5833333333333334,
    0.6666666666666666,
    0.75,
    0.8333333333333334,
    0.9166666666666666,
    1
  ],
  "cellNumbers": {
    "0-0": 1,
    "0-2": 2,
    "0-4": 3,
    "0-6": 4,
    "0-8": 5,
    "0-11": 6,
    "1-2": 7,
    "1-5": 8,
    "1-7": 9,
    "1-10": 10,
    "2-1": 11,
    "2-4": 12,
    "2-8": 13,
    "3-0": 14,
    "3-2": 15,
    "3-7": 16,
    "3-10": 17,
    "3-11": 18,
    "4-0": 19,
    "4-1": 20,
    "4-4": 21,
    "4-6": 22,
    "4-9": 23,
    "5-3": 24,
    "5-8": 25,
    "5-10": 26,
    "6-0": 27,
    "6-4": 28,
    "6-7": 29,
    "7-0": 30,
    "7-3": 31,
    "7-6": 32,
    "7-9": 33,
    "7-11": 34,
    "8-2": 35,
    "8-5": 36,
    "8-8": 37,
    "9-1": 38,
    "9-4": 39,
    "9-7": 40,
    "9-9": 41,
    "9-10": 42,
    "10-0": 43,
    "10-2": 44,
    "10-6": 45,
    "10-10": 46,
    "11-0": 47,
    "11-4": 48,
    "11-9": 49
  }
}