{
  "rowLines": [
    0,
    0.08333333333333333,
    0.16666666666666666,
    0.25,
    0.3333333333333333,
    0.4166666666666667,
    0.5,
    0.5833333333333334,
    0.6666666666666666,
    0.75,
    0.8333333333333334,
    0.9166666666666666,
    1
  ],
  "colLines": [
    0,
    0.08333333333333333,
    0.16666666666666666,
    0.25,
    0.3333333333333333,
    0.4166666666666667,
    0.5,
    0.5833333333333334,
    0.6666666666666666,
    0.75,
    0.8333333333333334,
    0.9166666666666666,
    1
  ],
  "cellNumbers": {
    "0-0": 1,
    "0-1": 2,
    "0-4": 3,
    "0-6": 4,
    "0-8": 5,
    "0-9": 6,
    "0-11": 7,
    "1-3": 8,
    "1-6": 9,
    "1-7": 10,
    "1-9": 11,
    "1-10": 12,
    "2-0": 13,
    "2-2": 14,
    "2-4": 15,
    "2-8": 16,
    "3-2": 17,
    "3-8": 18,
    "3-11": 19,
    "4-0": 20,
    "4-1": 21,
    "4-4": 22,
    "4-5": 23,
    "4-7": 24,
    "4-10": 25,
    "5-3": 26,
    "5-5": 27,
    "5-6": 28,
    "5-9": 29,
    "6-0": 30,
    "6-2": 31,
    "6-4": 32,
    "6-8": 33,
    "7-2": 34,
    "7-7": 35,
    "7-11": 36,
    "8-0": 37,
    "8-1": 38,
    "8-6": 39,
    "8-10": 40,
    "9-3": 41,
    "9-5": 42,
    "9-9": 43,
    "10-0": 44,
    "10-2": 45,
    "10-4": 46,
    "10-8": 47,
    "11-0": 48,
    "11-4": 49,
    "11-11": 50
  }
}