{
  "rowLines": [
    0,
    0.08333333333333333,
    0.16666666666666666,
    0.25,
    0.3333333333333333,
    0.4166666666666667,
    0.5,
    0.5833333333333334,
    0.6666666666666666,
    0.75,
    0.8333333333333334,
    0.9166666666666666,
    1
  ],
  "colLines": [
    0,
    0.09090909090909091,
    0.18181818181818182,
    0.2727272727272727,
    0.36363636363636365,
    0.45454545454545453,
    0.5454545454545454,
    0.6363636363636364,
    0.7272727272727273,
    0.8181818181818182,
    0.9090909090909091,
    1
  ],
  "cellNumbers": {
    "0-0": 1,
    "0-1": 2,
    "0-4": 3,
    "0-5": 4,
    "0-8": 5,
    "0-9": 6,
    "1-3": 7,
    "1-7": 8,
    "2-0": 9,
    "2-2": 10,
    "2-6": 11,
    "2-10": 12,
    "3-0": 13,
    "3-5": 14,
    "3-9": 15,
    "4-2": 16,
    "4-4": 17,
    "4-8": 18,
    "5-1": 19,
    "5-3": 20,
    "5-7": 21,
    "5-9": 22,
    "6-1": 23,
    "6-7": 24,
    "7-0": 25,
    "7-4": 26,
    "7-10": 27,
    "8-0": 28,
    "8-3": 29,
    "8-7": 30,
    "8-9": 31,
    "9-2": 32,
    "9-6": 33,
    "10-1": 34,
    "10-5": 35,
    "10-9": 36,
    "11-0": 37,
    "11-4": 38,
    "11-8": 39
  }
}