{
  "rowLines": [
    0,
    0.08333333333333333,
    0.16666666666666666,
    0.25,
    0.3333333333333333,
    0.4166666666666667,
    0.5,
    0.5833333333333334,
    0.6666666666666666,
    0.75,
    0.8333333333333334,
    0.9166666666666666,
    1
  ],
  "colLines": [
    0,
    0.08333333333333333,
    0.16666666666666666,
    0.25,
    0.3333333333333333,
    0.4166666666666667,
    0.5,
    0.5833333333333334,
    0.6666666666666666,
    0.75,
    0.8333333333333334,
    0.9166666666666666,
    1
  ],
  "cellNumbers": {
    "0-0": 1,
    "0-3": 2,
    "0-6": 3,
    "0-9": 4,
    "0-10": 5,
    "1-2": 6,
    "1-5": 7,
    "1-8": 8,
    "1-10": 9,
    "1-11": 10,
    "2-0": 11,
    "2-1": 12,
    "2-4": 13,
    "2-7": 14,
    "2-9": 15,
    "3-3": 16,
    "3-6": 17,
    "3-9": 18,
    "4-0": 19,
    "4-2": 20,
    "4-4": 21,
    "4-8": 22,
    "4-11": 23,
    "5-2": 24,
    "5-3": 25,
    "5-6": 26,
    "5-7": 27,
    "5-10": 28,
    "6-0": 29,
    "6-1": 30,
    "6-5": 31,
    "6-9": 32,
    "7-1": 33,
    "7-2": 34,
    "7-4": 35,
    "7-6": 36,
    "7-8": 37,
    "8-0": 38,
    "8-6": 39,
    "8-7": 40,
    "8-11": 41,
    "9-0": 42,
    "9-3": 43,
    "9-5": 44,
    "9-10": 45,
    "10-2": 46,
    "10-4": 47,
    "10-9": 48,
    "11-0": 49,
    "11-6": 50,
    "11-8": 51
  }
}