{
  "rowLines": [
    0,
    0.08333333333333333,
    0.16666666666666666,
    0.25,
    0.3333333333333333,
    0.4166666666666667,
    0.5,
    0.5833333333333334,
    0.6666666666666666,
    0.75,
    0.8333333333333334,
    0.9166666666666666,
    1
  ],
  "colLines": [
    0,
    0.08333333333333333,
    0.16666666666666666,
    0.25,
    0.3333333333333333,
    0.4166666666666667,
    0.5,
    0.5833333333333334,
    0.6666666666666666,
    0.75,
    0.8333333333333334,
    0.9166666666666666,
    1
  ],
  "cellNumbers": {
    "0-0": 1,
    "0-2": 2,
    "0-5": 3,
    "0-8": 4,
    "0-9": 5,
    "0-11": 6,
    "1-4": 7,
    "1-7": 8,
    "2-0": 9,
    "2-3": 10,
    "2-6": 11,
    "2-8": 12,
    "2-10": 13,
    "3-2": 14,
    "3-5": 15,
    "3-8": 16,
    "3-9": 17,
    "4-1": 18,
    "4-4": 19,
    "4-6": 20,
    "4-7": 21,
    "4-9": 22,
    "4-10": 23,
    "5-0": 24,
    "5-3": 25,
    "5-5": 26,
    "5-7": 27,
    "5-10": 28,
    "5-11": 29,
    "6-0": 30,
    "6-4": 31,
    "6-6": 32,
    "6-9": 33,
    "7-3": 34,
    "7-8": 35,
    "8-0": 36,
    "8-2": 37,
    "8-4": 38,
    "8-7": 39,
    "8-11": 40,
    "9-0": 41,
    "9-3": 42,
    "9-4": 43,
    "9-7": 44,
    "9-10": 45,
    "10-2": 46,
    "10-6": 47,
    "10-9": 48,
    "11-0": 49,
    "11-5": 50,
    "11-8": 51
  }
}