{
  "rowLines": [
    0,
    0.08249999999999999,
    0.16499999999999998,
    0.2475,
    0.32999999999999996,
    0.41250000000000003,
    0.495,
    0.5775,
    0.6599999999999999,
    0.7424999999999999,
    0.8250000000000001,
    0.9075,
    0.99
  ],
  "colLines": [
    0,
    0.08249999999999999,
    0.16499999999999998,
    0.2475,
    0.32999999999999996,
    0.41250000000000003,
    0.495,
    0.5775,
    0.6599999999999999,
    0.7424999999999999,
    0.8250000000000001,
    0.9075,
    0.99
  ],
  "cellNumbers": {
    "0-0": 1,
    "0-1": 2,
    "0-4": 3,
    "0-6": 4,
    "0-8": 5,
    "0-10": 6,
    "1-0": 7,
    "1-3": 8,
    "1-6": 9,
    "1-7": 10,
    "2-1": 11,
    "2-5": 12,
    "2-9": 13,
    "2-11": 14,
    "3-0": 15,
    "3-3": 16,
    "3-6": 17,
    "4-2": 18,
    "4-5": 19,
    "4-9": 20,
    "4-10": 21,
    "5-0": 22,
    "5-1": 23,
    "5-4": 24,
    "5-8": 25,
    "5-10": 26,
    "6-3": 27,
    "6-7": 28,
    "6-9": 29,
    "7-0": 30,
    "7-2": 31,
    "7-6": 32,
    "7-11": 33,
    "8-0": 34,
    "8-1": 35,
    "8-5": 36,
    "8-7": 37,
    "8-8": 38,
    "8-10": 39,
    "9-1": 40,
    "9-4": 41,
    "9-10": 42,
    "9-11": 43,
    "10-0": 44,
    "10-3": 45,
    "10-7": 46,
    "11-2": 47,
    "11-6": 48,
    "11-10": 49
  }
}