{
  "rowLines": [
    0.01,
    0.09249999999999999,
    0.175,
    0.2575,
    0.33999999999999997,
    0.42250000000000004,
    0.505,
    0.5875,
    0.6699999999999999,
    0.7525,
    0.8350000000000001,
    0.9175,
    1
  ],
  "colLines": [
    0.01,
    0.09166666666666666,
    0.17333333333333334,
    0.255,
    0.33666666666666667,
    0.41833333333333333,
    0.5,
    0.5816666666666667,
    0.6633333333333333,
    0.745,
    0.8266666666666667,
    0.9083333333333333,
    0.99
  ],
  "cellNumbers": {
    "0-0": 1,
    "0-2": 2,
    "0-3": 3,
    "0-6": 4,
    "0-7": 5,
    "0-9": 6,
    "1-2": 7,
    "1-5": 8,
    "1-7": 9,
    "1-8": 10,
    "1-11": 11,
    "2-1": 12,
    "2-4": 13,
    "2-6": 14,
    "2-10": 15,
    "3-0": 16,
    "3-3": 17,
    "3-5": 18,
    "3-7": 19,
    "3-9": 20,
    "4-1": 21,
    "4-2": 22,
    "4-5": 23,
    "4-11": 24,
    "5-0": 25,
    "5-4": 26,
    "5-7": 27,
    "5-8": 28,
    "5-10": 29,
    "6-1": 30,
    "6-3": 31,
    "6-5": 32,
    "6-6": 33,
    "6-10": 34,
    "7-0": 35,
    "7-3": 36,
    "7-6": 37,
    "7-9": 38,
    "8-1": 39,
    "8-2": 40,
    "8-5": 41,
    "8-8": 42,
    "8-11": 43,
    "9-0": 44,
    "9-4": 45,
    "9-7": 46,
    "10-1": 47,
    "10-3": 48,
    "10-5": 49,
    "10-6": 50,
    "10-11": 51,
    "11-0": 52,
    "11-3": 53,
    "11-6": 54,
    "11-10": 55
  }
}