{
  "rowLines": [
    0.01,
    0.09166666666666666,
    0.17333333333333334,
    0.255,
    0.33666666666666667,
    0.41833333333333333,
    0.5,
    0.5816666666666667,
    0.6633333333333333,
    0.745,
    0.8266666666666667,
    0.9083333333333333,
    0.99
  ],
  "colLines": [
    0.01,
    0.09166666666666666,
    0.17333333333333334,
    0.255,
    0.33666666666666667,
    0.41833333333333333,
    0.5,
    0.5816666666666667,
    0.6633333333333333,
    0.745,
    0.8266666666666667,
    0.9083333333333333,
    0.99
  ],
  "cellNumbers": {
    "0-0": 1,
    "0-2": 2,
    "0-5": 3,
    "0-6": 4,
    "0-9": 5,
    "0-11": 6,
    "1-4": 7,
    "1-8": 8,
    "2-0": 9,
    "2-1": 10,
    "2-3": 11,
    "2-7": 12,
    "2-10": 13,
    "3-3": 14,
    "3-4": 15,
    "3-6": 16,
    "3-9": 17,
    "3-11": 18,
    "4-0": 19,
    "4-4": 20,
    "4-7": 21,
    "4-8": 22,
    "5-3": 23,
    "5-6": 24,
    "5-10": 25,
    "6-0": 26,
    "6-2": 27,
    "6-5": 28,
    "6-7": 29,
    "6-9": 30,
    "6-11": 31,
    "7-0": 32,
    "7-4": 33,
    "7-6": 34,
    "8-2": 35,
    "8-3": 36,
    "8-6": 37,
    "8-7": 38,
    "9-0": 39,
    "9-1": 40,
    "9-3": 41,
    "9-5": 42,
    "9-11": 43,
    "10-1": 44,
    "10-5": 45,
    "10-6": 46,
    "10-8": 47,
    "10-10": 48,
    "11-0": 49,
    "11-3": 50,
    "11-8": 51
  }
}