{
  "rowLines": [
    0.010000000000000004,
    0.0925,
    0.175,
    0.2575,
    0.33999999999999997,
    0.42250000000000004,
    0.505,
    0.5875,
    0.6699999999999999,
    0.7525,
    0.8350000000000001,
    0.9175,
    1
  ],
  "colLines": [
    0.01,
    0.09249999999999999,
    0.175,
    0.2575,
    0.33999999999999997,
    0.42250000000000004,
    0.505,
    0.5875,
    0.6699999999999999,
    0.7525,
    0.8350000000000001,
    0.9175,
    1
  ],
  "cellNumbers": {
    "0-0": 1,
    "0-2": 2,
    "0-4": 3,
    "0-6": 4,
    "0-7": 5,
    "0-10": 6,
    "0-11": 7,
    "1-4": 8,
    "1-9": 9,
    "2-0": 10,
    "2-1": 11,
    "2-3": 12,
    "2-6": 13,
    "2-8": 14,
    "2-10": 15,
    "3-1": 16,
    "3-5": 17,
    "3-8": 18,
    "4-0": 19,
    "4-3": 20,
    "4-4": 21,
    "4-7": 22,
    "4-10": 23,
    "4-11": 24,
    "5-1": 25,
    "5-2": 26,
    "5-6": 27,
    "5-9": 28,
    "6-0": 29,
    "6-2": 30,
    "6-7": 31,
    "6-10": 32,
    "7-0": 33,
    "7-1": 34,
    "7-6": 35,
    "7-9": 36,
    "8-3": 37,
    "8-5": 38,
    "8-8": 39,
    "9-0": 40,
    "9-2": 41,
    "9-4": 42,
    "9-6": 43,
    "9-7": 44,
    "9-9": 45,
    "9-11": 46,
    "10-0": 47,
    "10-1": 48,
    "10-4": 49,
    "10-9": 50,
    "10-10": 51,
    "11-3": 52,
    "11-6": 53,
    "11-10": 54
  }
}