{
  "rowLines": [
    3.469446951953614e-18,
    0.08333333333333333,
    0.16666666666666666,
    0.25,
    0.3333333333333333,
    0.4166666666666667,
    0.5,
    0.5833333333333334,
    0.6666666666666666,
    0.75,
    0.8333333333333334,
    0.9166666666666666,
    1
  ],
  "colLines": [
    0,
    0.08333333333333333,
    0.16666666666666666,
    0.25,
    0.3333333333333333,
    0.4166666666666667,
    0.5,
    0.5833333333333334,
    0.6666666666666666,
    0.75,
    0.8333333333333334,
    0.9166666666666666,
    1
  ],
  "cellNumbers": {
    "0-0": 1,
    "0-2": 2,
    "0-4": 3,
    "0-5": 4,
    "0-8": 5,
    "0-9": 6,
    "0-11": 7,
    "1-2": 8,
    "1-7": 9,
    "2-1": 10,
    "2-6": 11,
    "2-8": 12,
    "2-10": 13,
    "3-0": 14,
    "3-3": 15,
    "3-5": 16,
    "3-7": 17,
    "4-2": 18,
    "4-5": 19,
    "4-10": 20,
    "5-0": 21,
    "5-1": 22,
    "5-4": 23,
    "5-9": 24,
    "6-3": 25,
    "6-6": 26,
    "6-8": 27,
    "6-11": 28,
    "7-0": 29,
    "7-2": 30,
    "7-4": 31,
    "7-5": 32,
    "7-10": 33,
    "8-2": 34,
    "8-3": 35,
    "8-5": 36,
    "8-7": 37,
    "8-9": 38,
    "8-11": 39,
    "9-0": 40,
    "9-1": 41,
    "9-3": 42,
    "9-4": 43,
    "9-7": 44,
    "10-1": 45,
    "10-6": 46,
    "10-9": 47,
    "10-10": 48,
    "11-0": 49,
    "11-3": 50,
    "11-7": 51,
    "11-10": 52
  }
}