{
  "rowLines": [
    0,
    0.08333333333333333,
    0.16666666666666666,
    0.25,
    0.3333333333333333,
    0.4166666666666667,
    0.5,
    0.5833333333333334,
    0.6666666666666666,
    0.75,
    0.8333333333333334,
    0.9166666666666666,
    1
  ],
  "colLines": [
    0,
    0.08333333333333333,
    0.16666666666666666,
    0.25,
    0.3333333333333333,
    0.4166666666666667,
    0.5,
    0.5833333333333334,
    0.6666666666666666,
    0.75,
    0.8333333333333334,
    0.9166666666666666,
    1
  ],
  "cellNumbers": {
    "0-0": 1,
    "0-2": 2,
    "0-4": 3,
    "0-5": 4,
    "0-7": 5,
    "0-9": 6,
    "0-11": 7,
    "1-2": 8,
    "1-5": 9,
    "1-6": 10,
    "1-9": 11,
    "2-0": 12,
    "2-1": 13,
    "2-4": 14,
    "2-8": 15,
    "3-0": 16,
    "3-3": 17,
    "3-5": 18,
    "3-7": 19,
    "3-10": 20,
    "4-1": 21,
    "4-5": 22,
    "4-6": 23,
    "4-9": 24,
    "4-11": 25,
    "5-0": 26,
    "5-3": 27,
    "5-4": 28,
    "5-8": 29,
    "6-2": 30,
    "6-4": 31,
    "6-5": 32,
    "6-7": 33,
    "6-9": 34,
    "7-0": 35,
    "7-3": 36,
    "7-7": 37,
    "7-8": 38,
    "7-11": 39,
    "8-2": 40,
    "8-5": 41,
    "8-10": 42,
    "9-1": 43,
    "9-4": 44,
    "9-9": 45,
    "10-0": 46,
    "10-3": 47,
    "10-6": 48,
    "10-8": 49,
    "10-10": 50,
    "11-2": 51,
    "11-4": 52,
    "11-9": 53
  }
}