{
  "rowLines": [
    0,
    0.08583333333333333,
    0.17166666666666666,
    0.2575,
    0.3433333333333333,
    0.4291666666666667,
    0.515,
    0.6008333333333334,
    0.6866666666666666,
    0.7725,
    0.8583333333333334,
    0.9441666666666666,
    1.03
  ],
  "colLines": [
    0,
    0.08333333333333333,
    0.16666666666666666,
    0.25,
    0.3333333333333333,
    0.4166666666666667,
    0.5,
    0.5833333333333334,
    0.6666666666666666,
    0.75,
    0.8333333333333334,
    0.9166666666666666,
    1
  ],
  "cellNumbers": {
    "0-0": 1,
    "0-2": 2,
    "0-5": 3,
    "0-7": 4,
    "0-9": 5,
    "0-11": 6,
    "1-4": 7,
    "1-6": 8,
    "1-9": 9,
    "1-10": 10,
    "2-0": 11,
    "2-1": 12,
    "2-3": 13,
    "2-5": 14,
    "2-7": 15,
    "2-8": 16,
    "3-1": 17,
    "3-5": 18,
    "3-6": 19,
    "3-8": 20,
    "3-9": 21,
    "3-11": 22,
    "4-0": 23,
    "4-3": 24,
    "4-6": 25,
    "4-9": 26,
    "5-2": 27,
    "5-5": 28,
    "5-8": 29,
    "6-1": 30,
    "6-3": 31,
    "6-7": 32,
    "6-10": 33,
    "7-0": 34,
    "7-2": 35,
    "7-5": 36,
    "7-6": 37,
    "7-9": 38,
    "8-4": 39,
    "8-8": 40,
    "8-11": 41,
    "9-0": 42,
    "9-1": 43,
    "9-3": 44,
    "9-5": 45,
    "9-7": 46,
    "10-5": 47,
    "10-10": 48,
    "11-0": 49,
    "11-4": 50,
    "11-7": 51,
    "11-9": 52
  }
}