{
  "rowLines": [
    3.469446951953614e-18,
    0.08249999999999999,
    0.16499999999999998,
    0.2475,
    0.32999999999999996,
    0.41250000000000003,
    0.495,
    0.5775,
    0.6599999999999999,
    0.7424999999999999,
    0.8250000000000001,
    0.9075,
    0.99
  ],
  "colLines": [
    0.01,
    0.09249999999999999,
    0.175,
    0.2575,
    0.33999999999999997,
    0.42250000000000004,
    0.505,
    0.5875,
    0.6699999999999999,
    0.7525,
    0.8350000000000001,
    0.9175,
    1
  ],
  "cellNumbers": {
    "0-0": 1,
    "0-2": 2,
    "0-5": 3,
    "0-8": 4,
    "0-9": 5,
    "0-11": 6,
    "1-4": 7,
    "1-7": 8,
    "1-9": 9,
    "1-10": 10,
    "2-1": 11,
    "2-3": 12,
    "2-5": 13,
    "2-6": 14,
    "3-0": 15,
    "3-3": 16,
    "3-4": 17,
    "3-6": 18,
    "3-9": 19,
    "3-11": 20,
    "4-2": 21,
    "4-4": 22,
    "4-5": 23,
    "4-8": 24,
    "4-10": 25,
    "5-0": 26,
    "5-1": 27,
    "5-3": 28,
    "5-7": 29,
    "6-1": 30,
    "6-5": 31,
    "6-6": 32,
    "6-9": 33,
    "6-11": 34,
    "7-0": 35,
    "7-3": 36,
    "7-8": 37,
    "8-2": 38,
    "8-5": 39,
    "8-7": 40,
    "8-9": 41,
    "8-10": 42,
    "9-1": 43,
    "9-4": 44,
    "9-6": 45,
    "9-8": 46,
    "10-0": 47,
    "10-3": 48,
    "10-5": 49,
    "10-8": 50,
    "10-11": 51,
    "11-1": 52,
    "11-7": 53,
    "11-10": 54
  }
}