{
  "rowLines": [
    3.469446951953614e-18,
    0.099,
    0.198,
    0.297,
    0.396,
    0.495,
    0.594,
    0.693,
    0.792,
    0.891,
    0.99
  ],
  "colLines": [
    0.01,
    0.109,
    0.20800000000000002,
    0.307,
    0.406,
    0.505,
    0.604,
    0.703,
    0.802,
    0.901,
    1
  ],
  "cellNumbers": {
    "0-0": 1,
    "0-1": 2,
    "0-4": 3,
    "0-6": 4,
    "0-9": 5,
    "1-0": 6,
    "1-3": 7,
    "1-8": 8,
    "2-0": 9,
    "2-2": 10,
    "2-4": 11,
    "2-5": 12,
    "2-7": 13,
    "3-2": 14,
    "3-3": 15,
    "3-5": 16,
    "4-0": 17,
    "4-1": 18,
    "4-4": 19,
    "4-7": 20,
    "4-9": 21,
    "5-0": 22,
    "5-3": 23,
    "6-2": 24,
    "6-4": 25,
    "6-6": 26,
    "6-8": 27,
    "7-0": 28,
    "7-1": 29,
    "7-3": 30,
    "7-6": 31,
    "7-7": 32,
    "7-9": 33,
    "8-1": 34,
    "8-4": 35,
    "8-5": 36,
    "8-7": 37,
    "9-0": 38,
    "9-4": 39,
    "9-8": 40
  }
}