{
  "rowLines": [
    0.007380937848772321,
    0.08930843877013374,
    0.17123593969149517,
    0.2531634406128566,
    0.335090941534218,
    0.41701844245557945,
    0.49894594337694087,
    0.5808734442983023,
    0.6628009452196637,
    0.7447284461410252,
    0.8266559470623867,
    0.908583447983748,
    0.9905109489051095
  ],
  "colLines": [
    0.009444427490234376,
    0.09013887193467882,
    0.17083331637912327,
    0.2515277608235677,
    0.33222220526801216,
    0.4129166497124566,
    0.4936110941569011,
    0.5743055386013455,
    0.6549999830457899,
    0.7356944274902344,
    0.8163888719346788,
    0.8970833163791232,
    0.9777777608235677
  ],
  "cellNumbers": {
    "0-0": 1,
    "0-3": 2,
    "0-5": 3,
    "0-7": 4,
    "0-9": 5,
    "0-11": 6,
    "1-2": 7,
    "1-5": 8,
    "1-6": 9,
    "1-9": 10,
    "1-10": 11,
    "2-1": 12,
    "2-4": 13,
    "2-8": 14,
    "3-0": 15,
    "3-2": 16,
    "3-5": 17,
    "3-7": 18,
    "4-0": 19,
    "4-1": 20,
    "4-4": 21,
    "4-7": 22,
    "5-3": 23,
    "5-5": 24,
    "5-6": 25,
    "5-11": 26,
    "6-0": 27,
    "6-2": 28,
    "6-8": 29,
    "6-10": 30,
    "7-2": 31,
    "7-5": 32,
    "7-7": 33,
    "7-9": 34,
    "8-0": 35,
    "8-4": 36,
    "8-7": 37,
    "8-8": 38,
    "8-10": 39,
    "9-2": 40,
    "9-6": 41,
    "9-10": 42,
    "10-1": 43,
    "10-4": 44,
    "10-5": 45,
    "10-8": 46,
    "11-0": 47,
    "11-3": 48,
    "11-7": 49,
    "11-10": 50
  }
}